name,lat,lng,rating,user_ratings_total,vicinity,competitor_count_1km,area_store_density_3km,competition_ratio,log_reviews,success_score,is_good_location,is_high_competition,location_score
Mount Blue,12.9706822,77.6084358,4.3,32,"#28, Magrath Road, Ashok Nagar, Bengaluru",10,74,0.13333333333333333,3.4965075614664802,15.034982514305865,0,0,48.8
ANETHA INDUSTRIAL AGENCIES,12.9641511,77.58243259999999,3.7,7,"77, Silver Jubilee Park Road, Nagarathpete, Bengaluru",13,52,0.24528301886792453,2.0794415416798357,7.693933704215393,0,1,32.5
OUR STORES - BANGALORE CLUB,12.9675782,77.59715,4.5,15,"10, Sampangi Rama Nagar, Shanthala Nagar, Richmond Town, Bengaluru",10,65,0.15151515151515152,2.772588722239781,12.476649250079015,0,0,42.5
Royalmart Supermarket Richmond Town,12.9629403,77.6031397,4.1,2119,"Madni Emrara, 18/1, Alexander Street, Richmond Town, Bengaluru",12,78,0.1518987341772152,7.659171367666058,31.402602607430836,1,0,50.99999999999999
Hussaini Hydro HO- Festo pneumatics,12.9647506,77.581448,4.3,12,"60, Sadar Patrappa Road, Nagarathpete, Bengaluru",13,50,0.2549019607843137,2.5649493574615367,11.029282237084608,0,1,31.1
Central Tools and Engineering Stores,12.9648866,77.5807561,4.7,76,"49/2, Sadar Patrappa Road, Bengaluru",13,45,0.2826086956521739,4.343805421853684,20.415885482712316,1,1,27.599999999999998
Nilgiris Supermarket,12.9658863,77.61443349999999,3.8,863,"3, Palmgrove Road, Victoria Layout, Bengaluru",4,87,0.045454545454545456,6.761572768804055,25.693976521455408,1,0,59.699999999999996
All Saints Stores & Bakery,12.9668154,77.6067963,4.2,1114,"Ground Floor, #126/2, next to Hotel Vellara, Brigade Road, Bengaluru",14,84,0.16470588235294117,7.016609683894219,29.469760672355722,1,1,54.599999999999994
Nature's Basket,12.9621275,77.6017103,4.0,635,"Park End, 13, Rhenius Street, Richmond Town, Bengaluru",12,77,0.15384615384615385,6.455198563340122,25.82079425336049,1,0,50.3
SUPER MARKET,12.9728862,77.6074235,3.8,71,"XJF4+5X3, Brigade Road, Bengaluru",13,72,0.1780821917808219,4.276666119016055,16.25133125226101,1,1,46.5
More Supermarket - V V Puram Bengaluru,12.9513151,77.5765805,3.7,1322,"48, Vasavi Temple Street, Parvathipuram, Vishweshwarapura, Basavanagudi, Bengaluru",0,29,0.0,7.187657164114956,26.594331507225338,1,0,20.299999999999997
Fatima Bakery & Super Market,12.9668815,77.60932559999999,3.9,897,"opp. Narayana Nethralaya, 41, Castle Street, 2nd Block, Ashok Nagar, Bengaluru",12,82,0.14457831325301204,6.8001700683022,26.52066326637858,1,0,53.8
HOPCOMS Cubbon Park Corporation Circle,12.9719954,77.5936226,4.0,10,"Cupboard Park, Corporation Circle, Sampangi Rama Nagara, Bengaluru",7,64,0.1076923076923077,2.3978952727983707,9.591581091193483,0,0,42.699999999999996
Ratnadeep Supermarket,12.9673471,77.59713789999999,3.2,43,"K.M.Cariappa Road, Richmond Road, Bengaluru",12,65,0.18181818181818182,3.784189633918261,12.109406828538436,0,0,41.9
SLS LUCH HOME,12.9665667,77.5943989,3.0,4,"1st, main srnagar, behind hotel ramanashree, 2, T Nanjundappa Road, Bengaluru",9,63,0.140625,1.6094379124341003,4.828313737302301,0,0,41.39999999999999
Woodlands General Stores,12.9658412,77.5946214,2.0,3,"10, 8th Cross Road, Sampangi Rama Nagara, Sampangi Rama Nagar, Bengaluru",10,63,0.15625,1.3862943611198906,2.772588722239781,0,0,41.099999999999994
Vegetable,12.9658413,77.5924393,0.0,0,"27, 8th Cross Rd, Sampangi Rama Nagara, 4th Main Road, S.r Naga, Sampangi Rama Nagar, Bengaluru",9,62,0.14285714285714285,0.0,0.0,0,0,40.699999999999996
Vaibhav Cloth Store,12.9765943,77.5992706,0.0,0,"Shop No 67, near Bus Stand, Kerur, Bengaluru",21,68,0.30434782608695654,0.0,0.0,0,1,41.3
JAY MAA LAXMI TRADING,12.9753386,77.5877318,0.0,0,"77, Main Road, Nunegundlapalli, Ambedkar Veedhi, Sampangi Rama Nagar, Bengaluru",2,75,0.02631578947368421,0.0,0.0,0,0,51.9
Deepa Enterprises,12.9818187,77.5946251,0.0,0,"Bilpura Madai, Jabalpur",15,76,0.19480519480519481,0.0,0.0,0,1,48.699999999999996
R K TILES AND SANITARY,12.981887,77.594504,0.0,0,"Vijay Nagar Pachauli Road, Etawah",15,76,0.19480519480519481,0.0,0.0,0,1,48.699999999999996
Sandilya Producuction,12.981887,77.594504,0.0,0,"Sandilya Production, Manjhauli Dharma Dash",15,76,0.19480519480519481,0.0,0.0,0,1,48.699999999999996
Jeen Maa Laser Service,12.9818902,77.594504,0.0,0,"Jeen Maa Laser Service, Churi Wala Dhanna, Bengaluru",15,76,0.19480519480519481,0.0,0.0,0,1,48.699999999999996
Sanjeev Kumar,12.9818906,77.594504,0.0,0,"Asawar, Gulaothi Rod, Bulandshahr",15,76,0.19480519480519481,0.0,0.0,0,1,48.699999999999996
Neelam Grocery Shop,12.9818909,77.594504,0.0,0,"00, Payagpur Road, Bahraich",15,76,0.19480519480519481,0.0,0.0,0,1,48.699999999999996
MAULI PROVISION,12.9818922,77.594504,0.0,0,"Shop No 1, Takali",15,76,0.19480519480519481,0.0,0.0,0,1,48.699999999999996
G.S Works,12.9818922,77.594504,0.0,0,Harichand,15,76,0.19480519480519481,0.0,0.0,0,1,48.699999999999996
Amdadul Store,12.9818922,77.594504,0.0,0,Tarabari,15,76,0.19480519480519481,0.0,0.0,0,1,48.699999999999996
Narnala A P C,12.9818922,77.594504,0.0,0,"K V Akola, 1 P, Akola",15,76,0.19480519480519481,0.0,0.0,0,1,48.699999999999996
Deepanshu Soni,12.9818922,77.594504,0.0,0,"Sarafa Bazar, Muzaffarnagar",15,76,0.19480519480519481,0.0,0.0,0,1,48.699999999999996
Pavan Marketing,12.9680065,77.5839941,5.0,1,"C-141, Ganigarpet, Nagarathpete, Bengaluru",15,63,0.234375,0.6931471805599453,3.4657359027997265,0,1,39.599999999999994
ALANKAR(GIFTS AND COSMETICS),12.9604475,77.59811110000001,3.7,341,"9, 5th Cross Road, Bheemanna Garden, Lakshmiamma Garden, Shanti Nagar, Bengaluru",11,72,0.1506849315068493,5.834810737062605,21.58879972713164,1,0,47.1
Sapna Mini Store,12.9601305,77.5978441,4.0,42,"52/1, 5th Cross Road, Bheemanna Garden, Lakshmiamma Garden, Shanti Nagar, Bengaluru",11,72,0.1506849315068493,3.7612001156935624,15.04480046277425,0,0,47.1
Selec Hypermart,12.972784,77.6073412,4.6,362,"54, Monarch Plaza, Brigade Road, Bengaluru",13,72,0.1780821917808219,5.8944028342648505,27.11425303761831,1,1,46.5
MahaBazaar Brigade Road,12.9728156,77.6073782,4.4,36,"#57/1 Monarch Plaza Brigade Road, Off, Mahatma Gandhi Road, Bengaluru",13,73,0.17567567567567569,3.6109179126442243,15.888038815634589,0,1,47.199999999999996
Buymykart,12.9736432,77.60746750000001,3.0,2,"XJF4+FX4, Brigade Road, Bengaluru",13,71,0.18055555555555555,1.0986122886681098,3.295836866004329,0,1,45.8
Rajshekar Nivas (Bobby Store),12.9669024,77.58237059999999,4.8,8,"25, Karpur Adam Saheb Lane, Ganigarpet, Nagarathpete, Bengaluru",13,60,0.21311475409836064,2.1972245773362196,10.546677971213853,0,1,38.1
Grand super Mart,12.9591602,77.5980141,4.1,232,"16, 5th Cross, Shanthinagar, Lakshmi Road, Bengaluru",11,71,0.1527777777777778,5.4510384535657,22.34925765961937,1,0,46.4
MOTI SUPER MART,12.9657791,77.58278969999999,0.0,0,"29, Nagarathpet Main Road, Bengaluru",13,56,0.22807017543859648,0.0,0.0,0,1,35.3
Family Shopping Mart,12.9796958,77.60520559999999,4.1,48,"101, Infantry Road, Tasker Town, Sampangi Rama Nagar, Bengaluru",12,63,0.1875,3.8918202981106265,15.956463222253568,0,0,40.49999999999999
Raj lakshmi provision store,12.9663399,77.58196199999999,0.0,0,"near paras jewellers, 935 adsham lane, cross Road, Nagarathpete, Bengaluru",13,56,0.22807017543859648,0.0,0.0,0,1,35.3
Food Boutique,12.9794637,77.60593899999999,0.0,0,"17, 92, Enjay Ventures, Kedia Arcade, Ground Floor, Infantry Road, Near-Gem Plaza, Shivaji Nagar, Bengaluru",12,63,0.1875,0.0,0.0,0,0,40.49999999999999
Karnataka Co-Operative Oilseeds Growers Federation Limited (KOF),12.9807778,77.6051792,4.7,19,"11, 4th Floor, Blue Cross Chambers, Infantry Road Cross, Bengaluru",12,64,0.18461538461538463,2.995732273553991,14.079941685703757,0,0,41.199999999999996
Welcome Mart,12.9595523,77.6015602,5.0,3,"7/1, Shanti Nagar Main Road, Langford Town, Shanti Nagar, Bengaluru",8,79,0.1,1.3862943611198906,6.931471805599453,0,0,52.9
Fresh Signature,12.985457,77.594492,3.9,274,"PID No-19, Mahanagara Palika;BBMP, 86, 2-86, 3rd stage, 2nd Block Ba, Bruhat, Bengaluru",16,79,0.2,5.616771097666572,21.905407280899627,1,1,50.5
Family Shopping Mart Langford Road,12.9597078,77.6019731,4.2,406,"15, Langford Road, Langford Town, Richmond Town, Bengaluru",8,80,0.09876543209876543,6.008813185442595,25.2370153788589,1,0,53.6
RSI Canteen,12.9751709,77.6085837,4.5,548,"XJG5+3C8, Cubbon Road, FM Cariappa Colony, Sivanchetti Gardens, Bengaluru",12,67,0.17647058823529413,6.3080984415095305,28.386442986792886,1,0,43.3
Olive Super Market,12.969282,77.6089595,2.0,2,"#35, Markham Road, Ashok Nagar, Bengaluru",11,76,0.14285714285714285,1.0986122886681098,2.1972245773362196,0,0,49.9
BALAJI PLASTICS,12.970271,77.57954269999999,0.0,0,"1 Balapur Market, Rangaswamy Temple Street, Bengaluru",12,56,0.21052631578947367,0.0,0.0,0,0,35.599999999999994
ebuy sell rent,12.9642445,77.58122089999999,0.0,0,"K S Lane, Silver Jubilee Park Road, S J, P K, R Market, Bengaluru",13,48,0.2653061224489796,0.0,0.0,0,1,29.699999999999996
Shree Ramdev Steel Furniture and Steel Hardware Sujalpur Mandi,12.9745735,77.60967839999999,0.0,0,"XJF5+RVF, Mahatma Gandhi Road, Bengaluru",12,67,0.17647058823529413,0.0,0.0,0,0,43.3
Industrial Tooling Solutions,12.9631922,77.58157109999999,0.0,0,"4th Floor, 66, Narasimharaja Road, Bengaluru",13,47,0.2708333333333333,0.0,0.0,0,1,29.0
The Organic World - Cunningham Road,12.986871,77.59478299999999,4.4,224,"Shah Sultan Complex, Cunningham Road, Vasanth Nagar, Bengaluru",16,77,0.20512820512820512,5.41610040220442,23.83084176969945,1,1,49.1
SAIF ENTERPRISES,12.9654197,77.5802278,5.0,5,"40, Sadar Patrappa Road, Dodpete, Nagarathpete, Bengaluru",13,45,0.2826086956521739,1.791759469228055,8.958797346140274,0,1,27.599999999999998
Screw Bazar,12.9649848,77.5803844,5.0,54,"1st Floor, RK Mansion, 124/1, Venkataramana Naik Lane, S.P Road Cross, Kumbarpet, Dodpete, Nagarathpete, Bengaluru",13,45,0.2826086956521739,4.007333185232471,20.036665926162357,1,1,27.599999999999998
V.p Industrial Suppliers,12.9649828,77.58032229999999,5.0,22,"1st Floor, Dr, Belagodu Complex, 40/3, Sadar Patrappa Road, Bengaluru",13,45,0.2826086956521739,3.1354942159291497,15.677471079645748,0,1,27.599999999999998
CLUB - Kenkia Supermarket,12.9848884,77.60267089999999,5.0,1,"Ground Floor, Hazi Masjid, 59, Chandni Chowk Road, Bhattarahalli, Bengaluru",19,63,0.296875,0.6931471805599453,3.4657359027997265,0,1,38.39999999999999
KENKIA SUPER MARKET,12.9849144,77.6026888,2.7,3,"near Bilal Bakery, 59, Chandni Chowk Road, Shivaji Nagar, Bengaluru",19,63,0.296875,1.3862943611198906,3.7429947750237047,0,1,38.39999999999999
VIJAY TRADING CORPORATION,12.9600943,77.583797,4.0,54,"2nd ROAD AFTER HDFC BANK, Aswath Lakshmi Complex, 1/1,1st B CROSS, JC Road, Bengaluru",12,49,0.24,4.007333185232471,16.029332740929885,0,0,30.699999999999996
RB Supermarket,12.9852773,77.6035333,4.0,24,"Chandni Chowk Road, Swamy Shivanandapuram, Shivaji Nagar, Bengaluru",7,61,0.11290322580645161,3.2188758248682006,12.875503299472802,0,0,40.599999999999994
Food Mall,12.9333505,77.6297774,3.9,147,"Sr. No. 654, 11th Main, 80 Feet Road, 4th Block, Koramangala, Bengaluru",17,82,0.20481927710843373,4.997212273764115,19.489127867680047,1,1,52.3
Safal Daily Fresh by Karnataka Cooperative Oilseeds Growers' Federation,12.944634,77.6199602,4.1,35,"WJV9+VX4, near Koramanga Residency, 80 Feet Road, Koramangala 8th Block, Bengaluru",15,81,0.18292682926829268,3.58351893845611,14.69242764767005,0,1,52.199999999999996
National Stores,12.9434152,77.61853289999999,3.7,3,"8th Block, 57, Lakshmi Devi Temple Road, Koramangala 8th Block, Koramangala, Bengaluru",13,83,0.15476190476190477,1.3862943611198906,5.129289136143595,0,1,54.199999999999996
Nature's Basket,12.9336458,77.62285659999999,4.2,2224,"9, 17th A Main Road, KHB Colony, 5th Block, Koramangala, Bengaluru",12,87,0.13636363636363635,7.707512194600341,32.37155121732143,1,0,57.3
MINI MART,12.9350238,77.6188081,4.2,61,"KHB Colony, Koramangala, Bengaluru",16,89,0.17777777777777778,4.127134385045092,17.333964417189385,1,1,57.5
Reliance Fresh,12.9403664,77.6200313,3.9,2136,"Municipal No. 581/A (Pid No. 67-6-581/A Opp Bethany School Ground, Koramangala 8th Block, Koramangala, Bengaluru",18,78,0.22784810126582278,7.667158255319148,29.901917195744677,1,1,49.199999999999996
ESTEEM POWER TRAX PVT LTD,12.9414213,77.6080774,0.0,0,India,5,77,0.0641025641025641,0.0,0.0,0,0,52.4
Swaraj Hyper Market,12.923326,77.61228969999999,4.0,6077,"opposite swaraj hypermarket, Chocolate Factory Road, Madiwala, Bengaluru",18,105,0.16981132075471697,8.712430973476739,34.849723893906955,1,1,68.1
Vishal Mega Mart,12.9131211,77.62599709999999,4.0,7668,"No. 31/9, Krimson square, Near Central Silk Board, Junction, Hosur Road, Bommanahalli, Bengaluru",8,87,0.09090909090909091,8.94494150776486,35.77976603105944,1,0,58.5
Mangal Infra,12.9523212,77.6400069,3.7,3,"10A/11A, 4TH Floor, Maruti Infotech Center, Intermediate 560071, North Ring Road, ITI Colony, Domlur, Bengaluru",6,84,0.07058823529411765,1.3862943611198906,5.129289136143595,0,0,57.0
Ashirwad Supermarket,12.9151706,77.6059697,4.2,4270,"284, 7th Main Road, BTM Layout 2nd Stage, Bengaluru",22,77,0.28205128205128205,8.359603270841466,35.11033373753416,1,1,47.3
More Supermarket - MARUTI NAGAR,12.9215696,77.61382669999999,3.8,3817,"#3, Maruthi Nagar Main Road, BTM 1st Stage, Bengaluru",17,103,0.16346153846153846,8.247482004285693,31.340431616285635,1,1,67.0
Sharana Sharanappa,12.9351965,77.62448069999999,5.0,2,"002, Koramangala, Bengaluru",15,84,0.17647058823529413,1.0986122886681098,5.493061443340549,0,1,54.3
Syed Jameel Ahmed,12.9352403,77.624532,3.0,1,"KHB Colony, 4th Block, Koramangala, Bengaluru",15,82,0.18072289156626506,0.6931471805599453,2.0794415416798357,0,1,52.9
Sowbhagya Traders,12.9350579,77.62323909999999,4.2,4332,"No. 6, 5th Cross Road, 6th Block, Koramangala, Bengaluru",14,87,0.1590909090909091,8.374015421739909,35.17086477130762,1,1,56.699999999999996
Maharaja marketing,12.936916,77.62422579999999,1.0,1,"near Koramangala Club Swimming Pool, 17th B Main Road, Bengaluru",17,85,0.19767441860465115,0.6931471805599453,0.6931471805599453,0,1,54.39999999999999
Mahalakshmi Stores,12.9355072,77.6226274,4.5,20,"13, 60 Feet Road, KHB Colony, 6th Block, Koramangala, Bengaluru",15,87,0.17045454545454544,3.044522437723423,13.700350969755403,0,1,56.4
G Mart,12.937142,77.6247542,1.8,15,"6th Block, Koramangala 506, AKR Arcade, Koramangala",18,84,0.21176470588235294,2.772588722239781,4.990659700031606,0,1,53.4
Shree Ganesh Refilling Center,12.9328582,77.6226731,4.5,6,"32, 100 Feet Road KHB Block Koramangala, Jaya Nagar, 1st Block Koramangala, Koramangala, Bengaluru",12,88,0.1348314606741573,1.9459101490553132,8.75659567074891,0,0,57.99999999999999
Sri Mahalakshmi Super Market,12.9332083,77.6271168,3.9,280,"ph7899337916 441, 8th Main Rd, 4th Block, 5th Block, Koramangala, Bengaluru, Karnataka 560034 ph, Koramangala, Bengaluru",17,83,0.20238095238095238,5.638354669333745,21.989583210401605,1,1,52.99999999999999
Family Supermarket,12.931795,77.62339999999999,5.0,2,"near BDA COMPLEX, 70, 7th A Cross Road, 4th Block, Koramangala, Bengaluru",13,93,0.13829787234042554,1.0986122886681098,5.493061443340549,0,1,61.199999999999996
Mariyas Bakery And Super Store,12.940913,77.62869789999999,4.0,287,"#40, 27th Cross Road, Ashwini Layout, Ejipura, Bengaluru",12,75,0.15789473684210525,5.662960480135946,22.651841920543784,1,0,48.9
Girija Vegetables Shop,12.929195,77.63115239999999,5.0,5,"next to RAHEJA RESIDENCY, 37, 8th C Main Road, Jakasandra Block, Koramangala 3 Block, Koramangala, Bengaluru",11,80,0.13580246913580246,1.791759469228055,8.958797346140274,0,0,52.7
Behtar Enabled Haiwa Home Departmental Store,12.9432025,77.6284721,4.0,24,"WJVH+79Q, Sri Rama Temple Road, Gowda Muniswamy Garden, Ejipura, Bengaluru",12,75,0.15789473684210525,3.2188758248682006,12.875503299472802,0,0,48.9
Reliance Fresh,12.942006,77.6174276,3.8,211,"Block, 2Nd Phase,6Th, 496, 2nd Main Road, Stage, BTM Layout, Bengaluru",12,80,0.14814814814814814,5.356586274672012,20.355027843753646,1,0,52.4
DMart Koramangala,12.9321262,77.63443939999999,4.2,6325,"6th Cross Road S.T. Bed Extension, Cauvery Colony, S.T. Bed, 1st Block Koramangala, Koramangala, Bengaluru",7,76,0.09090909090909091,8.752423403865594,36.760178296235495,1,0,51.099999999999994
ROYAL CART EJIPURA,12.9437139,77.630279,3.6,9,"4/1, 4th Cross Road, Vivek Nagar, Chandra Reddy Layout, S T Bed Layout, Koramangala, Bengaluru",6,71,0.08333333333333333,2.302585092994046,8.289306334778566,0,0,47.9
Megha Mart,12.9300188,77.6335473,0.0,0,"902, 1st Main Road, Nirguna Mandir Layout, 1st Block Koramangala, Koramangala, Bengaluru",8,79,0.1,0.0,0.0,0,0,52.9
SNV Veg Fresh,12.944103,77.61804190000001,4.6,11,"386, near pass port office, Mallappa Reddy Layout, Koramangala 8th Block, Koramangala, Bengaluru",9,82,0.10843373493975904,2.4849066497880004,11.4305705890248,0,0,54.699999999999996
More Supermarket - KORAMANGALA - 2,12.9423145,77.6151206,3.9,2277,"472, Adugodi Main Road, Koramangala 8th Block, Koramangala, Bengaluru",11,77,0.14102564102564102,7.731053144007127,30.151107261627796,1,0,50.6
Spencers,12.9271991,77.63327220000001,3.0,2,"Spencer Retail Limited,NO.06, 7th Main, 80 Feet Road, 1st Block Koramangala, Bengaluru",13,78,0.16455696202531644,1.0986122886681098,3.295836866004329,0,1,50.699999999999996
MURUGAN M NURSERY,12.9456457,77.61867579999999,3.8,14,"15, Koramangala, Bengaluru",11,83,0.13095238095238096,2.70805020110221,10.290590764188398,0,0,54.8
Xpress Home Needs Supermarket,12.9463324,77.6288237,4.2,542,"#60, 17th Cross Road, Gowda Muniswamy Garden, Ejipura, Bengaluru",9,71,0.125,6.297109319933935,26.44785914372253,1,0,46.99999999999999
KPN Fresh - Head Office,12.9253835,77.63144799999999,4.5,29,"First Floor, IndiQube Sigma, Plot No 3/B, 3rd Block, Koramangala 1A Block, SBI Colony, Koramangala, Bengaluru",13,78,0.16455696202531644,3.4011973816621555,15.305388217479699,0,1,50.699999999999996
GANGADHARA D,12.9289027,77.6353316,0.0,0,"1 Block, 2nd Main Road, Koramangala, Bengaluru",8,74,0.10666666666666667,0.0,0.0,0,0,49.4
ROSE STORES,12.9237613,77.6193802,4.2,18,"26 4th Cross, Hosur Road, Madiwala, Bengaluru",14,105,0.1320754716981132,2.9444389791664403,12.36664371249905,0,1,69.3
YFS meeting point,12.9475034,77.6211807,5.0,2,India,13,81,0.15853658536585366,1.0986122886681098,5.493061443340549,0,1,52.8
More,12.9346426,77.61130469999999,4.0,1,"21, Hosur Road, Chikku Lakshmaiah Layout, Koramangala, Bengaluru",10,93,0.10638297872340426,0.6931471805599453,2.772588722239781,0,0,62.099999999999994
Carrymart Supermarket,12.9248616,77.6164101,4.2,531,"WJF8+WHV, 3rd Cross Road, Madiwala New Extension, Maruti Nagar, BTM 1st Stage, Bengaluru",16,107,0.14814814814814814,6.2766434893416445,26.361902655234907,1,1,70.1
MOHAMMED UMAR,12.9222009,77.62154810000001,0.0,0,"Ground Floor, Madiwala Vegetable Market, No 46, Madiwala, Bengaluru",7,102,0.06796116504854369,0.0,0.0,0,0,69.3
Village Hyper market,12.9328362,77.6101115,4.0,3403,"#1, Bharthi Plaza, 1st cross, SG Palya Main Road, Tavarekere, Ramaiah Garden, Bengaluru",11,93,0.11702127659574468,8.132706489693264,32.53082595877306,1,0,61.8
Royalmart Supermarket St.Johns Woods Apartment,12.92939,77.6110728,4.0,24,"House, Prestige St.johns Woods May Flower Club, Prestige St.Johns Wood, No:80, Saint John's Cross Road, Chikka Adugodi, Bengaluru",17,101,0.16666666666666666,3.2188758248682006,12.875503299472802,0,1,65.6
Happy Store,12.9496292,77.6259005,5.0,3,"Fairlands bus stop, 35, 11th Cross, Ejipura Main Road, Viveknagar Further Extension, Vivek Nagar, Bengaluru",9,84,0.10588235294117647,1.3862943611198906,6.931471805599453,0,0,56.099999999999994
Haseeb Stores,12.9497783,77.6264358,3.8,15,"Shop No. #36, Vivek Nagar Post, Bheemanna Complex, Ejipura Main Road, Gowda Muniswamy Garden, Ejipura, Bengaluru",9,82,0.10843373493975904,2.772588722239781,10.535837144511168,0,0,54.699999999999996
Minnus Hyper Market,12.9208592,77.6201528,0.0,0,"Sharif Complex, opp. Madiwala Police Station, 321/3, Hosur Road, Madiwala, Bengaluru",11,103,0.10576923076923077,0.0,0.0,0,0,68.8
Sri Murugan Hyper Mart,12.9511432,77.62316129999999,0.0,0,"Gournd Floor, near Viveknagar Police Station, No.428, 11th Main Road, Viveknagar, Ejipura, Bengaluru",9,88,0.10112359550561797,0.0,0.0,0,0,58.89999999999999
SAVOmart Viveknagar,12.951346,77.6227359,3.5,6,"434 11th Main Rd, 4th cross, Vannarpet Layout, Viveknagar, Ejipura, Bengaluru",9,88,0.10112359550561797,1.9459101490553132,6.810685521693596,0,0,58.89999999999999
VASU STORE,12.9253958,77.61113379999999,5.0,2,"5th cross, 2nd Main Road, tavarekere, Bengaluru",20,104,0.19047619047619047,1.0986122886681098,5.493061443340549,0,1,66.8
Bhagyashree General Store,12.9211673,77.63331289999999,3.3,8,"Venkatapura Main Road, Teacher's Colony, Jakkasandra, 1st Block Koramangala, HSR Layout 5th Sector, Bengaluru",13,68,0.18840579710144928,2.1972245773362196,7.250841105209524,0,1,43.699999999999996
EKA Shopping Mart,12.9334055,77.60741209999999,5.0,7,"41/4, 1st Main Road, Venkateshwara Extension, S.G. Palya, Bengaluru",13,90,0.14285714285714285,2.0794415416798357,10.39720770839918,0,1,59.099999999999994
Home Magic Mini Bazar,12.9321537,77.60743409999999,3.5,4,"WJJ4+VX7, SG Palya Main Road, Venkateshwara Layout, S.G. Palya, Bengaluru",11,90,0.12087912087912088,1.6094379124341003,5.633032693519351,0,0,59.699999999999996
M Mart SUPER MARKET,12.9193322,77.61616339999999,3.0,2,"8th Cross Road, Jai Bheem Nagar, BTM 1st Stage, Bengaluru",17,102,0.1650485436893204,1.0986122886681098,3.295836866004329,0,1,66.3
Chakkapan Stores,12.930438,77.606871,4.1,94,"near Falooda Club, Bharathi Layout, S.G. Palya",13,91,0.14130434782608695,4.553876891600541,18.670895255562215,1,1,59.8
Annamma agency,12.9414982,77.6073061,5.0,1,"3, 2nd Main Road, Nanjappa Layout, Adugodi, Bengaluru",4,77,0.05128205128205128,0.6931471805599453,3.4657359027997265,0,0,52.699999999999996
Nandini milk Booth,12.9301868,77.6067362,0.0,0,"5, 3rd Cross Road, Tavarekere, Venkateshwara Layout, S.G. Palya, Bengaluru",13,90,0.14285714285714285,0.0,0.0,0,1,59.099999999999994
Xpress Home Needs,12.9255802,77.6086426,3.8,497,"WJG5+6FJ, Tavarekere Main Road, Balaji Nagar, S.G. Palya, Bengaluru",20,99,0.2,6.210600077024653,23.60028029269368,1,1,63.3
New Sapna Store,12.9185171,77.63220210000001,3.8,2053,"30, 5th Main Road, Teacher's Colony, Jakkasandra, 1st Block Koramangala, Koramangala, Bengaluru",12,70,0.16901408450704225,7.627544390488503,28.98466868385631,1,0,45.4
Prajwal General Store,12.9199033,77.634891,4.6,18,"230/4, 8 TH C CROSS, 3rd Main Road, Venkatapura, Koramangala, Bengaluru",10,62,0.15873015873015872,2.9444389791664403,13.544419304165624,0,0,40.4
M R STORE,12.9193729,77.63412389999999,3.7,55,"WJ9M+PJX, Venkatapura, Bengaluru",10,63,0.15625,4.02535169073515,14.893801255720055,0,0,41.099999999999994
Mythri Mart Super Market,12.9220365,77.6107112,4.2,2422,"anjanadri building, buss stop, near Tavarekere Road, 103, Muniyallapa Layout, Cashier Layout, BTM 1st Stage, Bengaluru",23,102,0.22330097087378642,7.792761720816526,32.72959922742941,1,1,64.49999999999999
NANDINI MILK DAIRY,12.9066461,77.6308718,3.0,21,"1145, Mangammanapalya Main Road, SBI Colony, Bommanahalli, Bengaluru",5,58,0.0847457627118644,3.091042453358316,9.273127360074948,0,0,39.099999999999994
The Eco Store,12.9159137,77.64922159999999,4.2,419,"1018, 13th Cross, 24th Main Rd, 5th Sector, Vanganahalli, 1st Sector, HSR Layout, Bengaluru",1,24,0.04,6.040254711277414,25.369069787365138,1,0,16.499999999999996
More Supermarket,12.9120328,77.6479554,3.8,1189,"No. 435, BDA Site, 27th Main Road, Sector I, Agara Village, Block Extension, HSR Layout, Bengaluru",1,24,0.04,7.081708586105575,26.910492627201183,1,0,16.499999999999996
Sri Lakshmi Venkateshwara Provision Store(SLV Provision Store),12.9191269,77.63465459999999,4.2,31,"Old No. 230/242- 38, 3rd Main, Venkatapura New Extn., BG Srikanteshwara, Shani Temple Road, Teacher's Colony, Bengaluru",10,62,0.15873015873015872,3.4657359027997265,14.556090791758852,0,0,40.4
Vedavathi provision store,12.9200639,77.6362125,4.0,26,"66, 8th Cross Road, Teacher's Colony, Jakkasandra, 1st Block Koramangala, Koramangala, Bengaluru",11,59,0.18333333333333332,3.295836866004329,13.183347464017316,0,0,38.0
family choice,12.916492,77.61716,4.4,11,"306, Hosur Road, Madiwala, 1st Stage, BTM 1st Stage, Bengaluru",17,98,0.1717171717171717,2.4849066497880004,10.933589259067203,0,1,63.49999999999999
Sobha Super Market,12.9149795,77.6352539,4.2,1152,"9th Main Road, Sector 6, HSR Layout, Bengaluru",9,57,0.15517241379310345,7.050122520269059,29.610514585130048,1,0,37.199999999999996
TOP IN TOWN RETAIL,12.9180977,77.61440689999999,3.9,3140,"Floor 27th, KMS HOME 98/2 Ground, main, 4th Cross Road, BTM 1st Stage, Bengaluru",17,99,0.17,8.052296499538647,31.403956348200722,1,1,64.2
NTL Home needs Superm markets,12.9126631,77.6222561,0.0,0,"30/5/14, 6th Cross Road, NGR Layout, Roopena Agrahara, Bommanahalli, Bengaluru",9,91,0.09782608695652174,0.0,0.0,0,0,60.99999999999999
Sri Hanuman Stores,12.9121154,77.62312279999999,4.3,36,"Sri Hari Homes, 3rd Main Road, NGR Layout, Roopena Agrahara, Bommanahalli, Bengaluru",7,90,0.07692307692307693,3.6109179126442243,15.526947024370164,0,0,60.89999999999999
My Mark,12.9145651,77.63668880000002,5.0,1,"opposite Bda Complex, 44 17Th Cross 12Th Main Har Layout, opposite Bda Complex, 12th Main Road, Sector 6, HSR Layout, Bengaluru",9,55,0.16071428571428573,0.6931471805599453,3.4657359027997265,0,0,35.8
V G R Essor,12.912231,77.6327712,5.0,1,"1144, 6th Main Road, 7th Sector, HSR Layout, Bengaluru",12,64,0.18461538461538463,0.6931471805599453,3.4657359027997265,0,0,41.199999999999996
Reliance Fresh,12.9164324,77.60465010000001,3.9,2956,"WJ83+HVC, 100 Feet Ring Road, Vysya Bank Colony, स्टेज 2, BTM Layout, Bengaluru",20,74,0.26666666666666666,7.9919305198524775,31.16852902742466,1,1,45.8
Sri madhu provision store,12.9113032,77.6299777,0.0,0,"17, 18th Cross Road, 7th Sector, HSR Layout, Bengaluru",10,73,0.13513513513513514,0.0,0.0,0,0,48.099999999999994
Kerala Fish,12.9215777,77.6110884,4.3,6,"118, Tavarekere Main Road, Narayan Gowda Layout, 1st Stage, BTM 1st Stage, Bengaluru",22,102,0.21359223300970873,1.9459101490553132,8.367413640937846,0,1,64.8
NEW KARNATAKA TRADERS,12.9209634,77.6112863,0.0,0,"WJC6+9G9, Tavarekere Main Road, Narayan Gowda Layout, 1st Stage, BTM 1st Stage, Bengaluru",23,102,0.22330097087378642,0.0,0.0,0,1,64.49999999999999
Shopping Land Super Market,12.9108759,77.6245374,4.0,462,"135, 3rd Main Road, NGR Layout, Roopena Agrahara, Bommanahalli, Bengaluru",7,85,0.08139534883720931,6.137727054086234,24.550908216344936,1,0,57.39999999999999
"Greenfield Marketing, Nilgiris Franchisee",13.0236522,77.5921151,3.8,926,"389, 1, 1st Cross Road, Judges Colony, RT Nagar, Bengaluru",17,62,0.2698412698412698,6.831953565565855,25.961423549150247,1,1,38.3
S M Fresh Mart ( Formerly S M Food Palace),13.0272827,77.6041123,4.1,1881,"Sultanpalya Main Road, Dinnur, Kaval Bairasandra, Bengaluru",16,59,0.26666666666666666,7.540090320145325,30.91437031259583,1,1,36.5
Families Supermarket,13.0492558,77.60389409999999,4.0,2781,"2JX3+PH2, 3rd Cross Road, Vinayaka Layout, Coffee Board Layout, Hebbal Kempapura, Bengaluru",6,41,0.14285714285714285,7.930925372483388,31.723701489933553,1,0,26.9
FAMILIES SUPERMARKET,13.0266406,77.5934844,4.1,611,"near Foodworld, 12/A, 80 Feet Road, HMT Layout, RT Nagar, Bengaluru",17,61,0.27419354838709675,6.416732282512326,26.308602358300536,1,1,37.599999999999994
More Supermarket - CIL Layout,13.03927,77.60003669999999,3.9,1279,"No 3/4, Aryan Arcade, Cil Layout, V N Main Road, Guddadahalli, Bengaluru",10,61,0.16129032258064516,7.154615356913663,27.902999891963283,1,0,39.699999999999996
DMart RT Nagar,13.0291532,77.6071738,4.0,19114,"KHB Colony Main Road, Hanumanthappa Layout, Sultanpalya, Hebbal, Bengaluru",12,55,0.21428571428571427,9.858228646130513,39.43291458452205,1,0,34.9
Families Supermarket Kanaka Nagar,13.0335073,77.6090614,4.1,1912,"Near RK Palace Auditorium, #13&14, Adarsh Nagar, Near RK Palace Auditorium, KHB Colony Main Road, Kanaka Nagar, Kaval Bairasandra, Bengaluru",14,56,0.24561403508771928,7.556427969440253,30.981354674705035,1,1,34.99999999999999
Ruby Food World,13.0201143,77.59956609999999,4.3,97,"near Bank Of India, Adi Kabir Ashram Main Road 14, 11th Cross, near Bank Of India, Thimmaiah Road, RT Nagar, Bengaluru",10,58,0.1694915254237288,4.584967478670572,19.71536015828346,1,0,37.599999999999994
Reliance Fresh,13.055345,77.6025811,3.7,2659,"1 & Katha, Cross Bhuvaneshwari Nag House List No.1.Katha. 574/745A, 574, 9th Street, Bengaluru",4,32,0.12121212121212122,7.886081401775745,29.17850118657026,1,0,21.2
Velan's Shop'n'save,13.014543,77.59457600000002,4.3,117,"near G M Temple, #17, 1st Main Road, Matadahalli, RT Nagar, Bengaluru",8,62,0.12698412698412698,4.770684624465665,20.51394388520236,1,0,41.0
Metro traders,13.020615,77.6126033,4.3,6,"30, 1, Shampura Main Road, Shampura, Kaval Bairasandra, Bengaluru",4,51,0.07692307692307693,1.9459101490553132,8.367413640937846,0,0,34.49999999999999
Easy Bazar,13.0399039,77.6206522,3.9,1639,"96, Vyalikaval HBCS Layout, Nagavara, Bengaluru",5,34,0.14285714285714285,7.402451520818244,28.86956093119115,1,0,22.299999999999997
Al ameen store UMAR N,13.0350602,77.62104149999999,3.9,9,"216, Nagavara, Bengaluru",4,35,0.1111111111111111,2.302585092994046,8.980081862676778,0,0,23.3
Nature's Basket,13.0596721,77.5931009,4.1,1484,"Pragathi"" Property No. 2759, next to Hotel Swathi Gardenia, E Block, Bengaluru",1,22,0.043478260869565216,7.3031700512368,29.942997210070878,1,0,15.099999999999998
Reliance SMART Bazaar,13.0476146,77.5741948,3.8,15089,"Shop No 52/3, Maruti Arcade, near Trends, Bhadrappa Layout Rd, Bhadrappa Layout, Devinagar, Bengaluru",3,22,0.13043478260869565,9.621787551761894,36.5627926966952,1,0,14.499999999999998
Fine Food,13.0599083,77.5876871,4.0,173,"2380, near SBM Bank, E Block, 1st Main Road, Sahakar Nagar, Bengaluru",1,19,0.05,5.159055299214529,20.636221196858116,1,0,12.999999999999998
Sampoorna Shopping Center,13.0432,77.570517,3.8,378,"near Maruti nilaya, 16, Dollars Colony, near Maruti nilaya, 1st Cross Road, Raj Mahal Vilas 2nd Stage, Bengaluru",2,22,0.08695652173913043,5.937536205082426,22.56263757931322,1,0,14.799999999999999
Namma mart nimma choice,13.0345022,77.5968475,0.0,0,"2nd Cross Road, Gundappa Reddy Layout, Bengaluru",10,65,0.15151515151515152,0.0,0.0,0,0,42.5
Saraswathi Provision Store,13.0362935,77.59978699999999,3.0,4,"08, 8th Cross Road, CIL Layout, Patel Muniyappa Layout, Sultanpalya, Hebbal, Bengaluru",11,62,0.1746031746031746,1.6094379124341003,4.828313737302301,0,0,40.1
Dolly mini mart,13.0351349,77.5997522,2.7,6,"Dolly mini mart, near acaharaya college, Hebbal, Bengaluru",12,61,0.1935483870967742,1.9459101490553132,5.2539574024493465,0,0,39.099999999999994
Families Supermarket,13.0351854,77.6002979,4.1,946,"NRV Complex, 1st and 2nd Cross, Thimmakka Layout, near Acharya College, 16-17, Chamundi Nagar Main Road, Cholanayakanahalli, Hebbal, Bengaluru",14,61,0.22580645161290322,6.853299093186078,28.098526282062917,1,1,38.49999999999999
Rose Super Bazaar,13.039162,77.5995975,4.0,1332,"V.Nagenahalli Main Road, RT Nagar, Guddadahalli, Hebbal, Bengaluru",10,61,0.16129032258064516,7.195187320178709,28.780749280714836,1,0,39.699999999999996
Sri Krishna Fresh Mart,13.0398148,77.594032,5.0,2,"1/7, Guddadhalli Main Road, Baiyanna Layout, Hebbal, Bengaluru",6,64,0.09230769230769231,1.0986122886681098,5.493061443340549,0,0,43.0
Ms Provision Store,13.0338257,77.6034616,3.5,13,"481, 5th Main Road, Seethappa Layout, Chamundi Nagar, Hebbal, Bengaluru",15,60,0.2459016393442623,2.6390573296152584,9.236700653653404,0,1,37.5
Stikon mart,13.0349383,77.6040689,4.9,14,"near statebank, 22, 6th Main Road, R. Krishnappa Layout, Patel Muniyappa Layout, Bhuvaneswari nagar, Hebbal, Bengaluru",15,61,0.24193548387096775,2.70805020110221,13.26944598540083,0,1,38.199999999999996
Guna Provision Stores,13.0281192,77.60136279999999,4.4,18,"1255, 2nd Cross Road, RT Nagar, Sultanpalya, Hebbal, Bengaluru",15,60,0.2459016393442623,2.9444389791664403,12.955531508332339,0,1,37.5
Athif Stores,13.0356889,77.6067114,0.0,0,"No 24, near Sri Ranga Medicals, 1, V, Vishwanath Naganahalli Main Road, Kanaka Nagar, Kanakanagar, Bengaluru",18,57,0.3103448275862069,0.0,0.0,0,1,34.5
Watan Foods,13.0336848,77.6079365,4.9,74,"C Block, 1, 1st Cross Road, Kanaka Nagar, Hebbal, Bengaluru",17,57,0.29310344827586204,4.31748811353631,21.155691756327922,1,1,34.8
More Supermarket - RT Nagar CBI Road Bangalore,13.0265886,77.590931,3.9,865,"No. 3/4 Aryan Arcade V Vishwanath Naganahalli Main Road CIL Layout Guddadahalli, RT Nagar, Bengaluru",14,64,0.2153846153846154,6.763884908562435,26.379151143393496,1,1,40.599999999999994
Reliance Fresh,13.0304267,77.6079589,3.5,368,"Number 130, Corp Ward, Property Id No. 96 174-146 1st Main Road, Bmp No.146, KHB Colony Main Road, Manorayana Palya, Bengaluru",15,55,0.26785714285714285,5.910796644040527,20.687788254141843,1,1,34.0
Shoppy Mart SMM,13.0462043,77.6034529,4.5,4,"Prestige Misty Waters Tower-4, Nagavara, Bengaluru",7,52,0.1320754716981132,1.6094379124341003,7.242470605953451,0,0,34.3
S S VALUE MART,13.0274001,77.6065981,4.2,18,"KHB Colony Main Road, Ranka Nagar, Kaval Bairasandra, Bengaluru",13,56,0.22807017543859648,2.9444389791664403,12.36664371249905,0,1,35.3
RK Dry Fruits and Spices,13.0247045,77.5906408,4.8,48,"79/1, SKS Complex, 5th Main Road Ganganagar, post, RT Nagar, Bengaluru",15,61,0.24193548387096775,3.8918202981106265,18.680737430931007,1,1,38.199999999999996
Mallikarjuna Coconut Shop,13.0246654,77.59028900000001,5.0,7,"Shop No 11, 5th Main Road, Ganga Nagar, RT Nagar, Bengaluru",15,61,0.24193548387096775,2.0794415416798357,10.39720770839918,0,1,38.199999999999996
Balaji Super Market,13.0254581,77.5882562,3.8,9,"8/22, 1, Bengaluru",14,59,0.23333333333333334,2.302585092994046,8.749823353377375,0,1,37.099999999999994
KNIGHT RIDERS,13.0245132,77.58955999999999,0.0,0,"5th Main Road, Ganganager, Ganganagar, Bengaluru",15,60,0.2459016393442623,0.0,0.0,0,1,37.5
HIRSE ORGANIC STORE,13.0222338,77.5968934,4.3,11,"298, 17th Cross Road, 2nd Block, RT Nagar, Bengaluru",16,61,0.25806451612903225,2.4849066497880004,10.685098594088402,0,1,37.9
Grocery99.com,13.0247512,77.58830809999999,5.0,4,"no.58, 7th Cross Road, Ganganagar, Bengaluru",15,58,0.2542372881355932,1.6094379124341003,8.047189562170502,0,1,36.099999999999994
Harvest shoppy mart,13.0425602,77.609887,4.5,8,Bengaluru,7,45,0.15217391304347827,2.1972245773362196,9.887510598012987,0,0,29.399999999999995
SAVOmart Kempapura,13.049631,77.60168259999999,3.2,6,"near Apollo Pharmacy, 8/9, Vinayaka Layout, Hebbal Kempapura, Bengaluru",5,42,0.11627906976744186,1.9459101490553132,6.226912476977002,0,0,27.9
Annapurna Mart - অন্নপূর্ণা মার্ট,13.0252399,77.58661409999999,4.4,40,"next to Lenskart showroom, 9 7th cross 5th main hebbal, next to Lenskart showroom, market road, Ganganagar, Ganganagar, Bengaluru",14,58,0.23728813559322035,3.713572066704308,16.339717093498955,1,1,36.39999999999999
Nasmart,13.0243604,77.5873606,4.6,9,"No 117/26 Nile Towers Ground Floor 4th Main Road Ganganagar Ganganagar, RT Nagar, Bengaluru",14,61,0.22580645161290322,2.302585092994046,10.59189142777261,0,1,38.49999999999999
KPN Fresh - RT Nagar,13.021535,77.592435,4.5,185,"Shop No 01, KH Muniswamappa Block, 7th Main Road, RT Nagar, Ganganagar, Bengaluru",18,61,0.2903225806451613,5.225746673713202,23.51586003170941,1,1,37.3
Uma's kitchen gallery,13.0233476,77.5884468,0.0,0,"No:18, 5th Main Road, Ganganagar, Post, RT Nagar, Bengaluru",16,60,0.26229508196721313,0.0,0.0,0,1,37.2
Nayan Fruits And Vegetables,13.0434044,77.5836099,4.7,3,"Devinagar Main Road, Bengaluru",3,47,0.0625,1.3862943611198906,6.515583497263486,0,0,32.0
"KPN Fresh - 3rd Main Road, Coffee Board Layout",13.0485319,77.6055667,4.5,78,"Shop No 1651, Ground Floor, near Rama Mandir, 3rd Main Road, Coffee Board Layout, Hebbal Kempapura, Bengaluru",6,41,0.14285714285714285,4.3694478524670215,19.662515336101595,1,0,26.9
"Capital Hypermarket,",13.026266,77.60920999999999,4.1,1690,"next to BESCOM office, 2, LR Bande Road, Ambedkar Layout, RT Nagar, Shampura, Kaval Bairasandra, Bengaluru",10,54,0.18181818181818182,7.43307534889858,30.475608930484174,1,0,34.8
MANJULA C,13.0410961,77.58231459999999,5.0,1,"Park View Layout, near Water Tank, 69, 5th Cross Road, Bengaluru",3,48,0.061224489795918366,0.6931471805599453,3.4657359027997265,0,0,32.699999999999996
Hopcoms Stall 63,13.0242488,77.5866087,3.3,3,"100-102, 5th Cross Road, Ganga Nagar Layout, Ganganagar, Bengaluru",14,61,0.22580645161290322,1.3862943611198906,4.574771391695639,0,1,38.49999999999999
SM FRESH MART,13.0204103,77.5931729,4.1,1516,"329, Taralabalu Marg, Rahmath Nagar, RT Nagar, Bengaluru",18,62,0.2857142857142857,7.324489979348532,30.030408915328977,1,1,38.0
KPN Fresh - LR Bande,13.028226,77.61156199999999,4.7,633,"Nanda Gokula Layout, Plot No 475/3, Shampura Main Road, Kaval Bairasandra, Bengaluru",12,54,0.21818181818181817,6.452048954437226,30.324630085854963,1,0,34.199999999999996
Fathima Store,13.0361016,77.6136587,4.6,36,"Zafarulla Layout, 43, Veerannapalya Main Road, Govindapura, Nagavara, Bengaluru",11,45,0.2391304347826087,3.6109179126442243,16.61022239816343,1,0,28.199999999999996
Ever Green Super Market,13.0413255,77.5807165,4.5,14,"9/10, 3rd Main Road, Bengaluru",4,45,0.08695652173913043,2.70805020110221,12.186225904959946,0,0,30.299999999999997
Shopwel Mart,13.0391641,77.6141695,3.9,14,"403, Veeranapalaya Road, Nagavara, Bengaluru",9,39,0.225,2.70805020110221,10.561395784298618,0,0,24.599999999999998
Galaxy Super Market,13.0413532,77.61371059999999,3.7,93,"near Petrol Bunk, next to Nirmala Matha Church, 82, Arabic College Post, Veerannapalya, Bengaluru",6,38,0.15384615384615385,4.543294782270004,16.810190694399015,1,0,24.799999999999997
Mobile network telecom,13.0423735,77.5796167,4.0,108,"272, 5th A Cross Road, RMV, Stage 2, R.M.V. 2nd Stage, Bengaluru",5,42,0.11627906976744186,4.6913478822291435,18.765391528916574,1,0,27.9
"KPN Fresh - Coffee Board Layout, Bengaluru",13.0528769,77.6042121,4.6,1352,"near Sri Vinayaka Sunrise School, 13/1, 14th A Cross Road, Gopalappa Layout, Hebbal Kempapura, Byatarayanapura CMC and OG Part",5,37,0.13157894736842105,7.210079628170788,33.16636628958562,1,0,24.4
SKP Fisheries,13.0337683,77.6161204,4.6,19,"14 th cross, SPAV Rashad Nagar, Govindapura Main Road, Mahbub Nagar, Nagavara, Bengaluru",9,43,0.20454545454545456,2.995732273553991,13.780368458348358,0,0,27.4
Family Central,13.0251728,77.6130407,4.0,1639,"44, Shampura Main Road, Chinnanna Layout, C L Ramaiah Layout, Shampura, Kaval Bairasandra, Bengaluru",7,53,0.12962962962962962,7.402451520818244,29.609806083272975,1,0,34.99999999999999
madeena supermarket,13.0172681,77.5932055,3.8,9,"2, 1st Main Road, Rahmath Nagar, Ganganagar, Bengaluru",14,61,0.22580645161290322,2.302585092994046,8.749823353377375,0,1,38.49999999999999
Loyal City Hyper Market,12.9688298,77.7499974,4.2,2809,"opposite Pushpa Nursing Home, 60 1st A, Whitefield Main Road, Whitefield, Bengaluru",10,47,0.20833333333333334,7.940939762327791,33.35194700177672,1,0,29.9
Loyal City Supermarket,12.9838086,77.74392279999999,4.2,5634,"Shop No 2 & 3, DSR Atrium, ECC Road, Whitefield, Bengaluru",7,39,0.175,8.636752426473876,36.27436019119028,1,0,25.199999999999996
D Mart,12.9555795,77.7286282,4.2,57711,"252, Varthur Main Road, Patel Narayanswamy Layout, Siddapura, Whitefield, Bengaluru",1,21,0.045454545454545456,10.96322040314332,46.045525693201945,1,0,14.399999999999999
a2z Online Deals,12.9698066,77.7499632,0.0,0,"A2Z Online Deals, Whitefield, Bengaluru",10,47,0.20833333333333334,0.0,0.0,0,0,29.9
Fresh Signature,12.9707957,77.7504165,3.7,3460,"Cmc Ward No. 17, White Field, Cmc No. 7-5/5, Main Road, Whitefield, Bengaluru",11,46,0.23404255319148937,8.149312843635345,30.152457521450778,1,0,28.899999999999995
Kumar Vegetables Shop,12.9696686,77.7519413,5.0,1,"57, 1st A Main Road, Byrappa Layout, Sathya Sai Layout, Whitefield, Bengaluru",8,47,0.16666666666666666,0.6931471805599453,3.4657359027997265,0,0,30.5
M K FRUIT,12.97332,77.75236079999999,5.0,1,"near Bus Stop, Shop No 78 4th Main 6th Cross, near Bus Stop, Main Road, Whitefield, Bengaluru",11,45,0.2391304347826087,0.6931471805599453,3.4657359027997265,0,0,28.199999999999996
Sri Shakti Stores,12.9689004,77.7546985,5.0,2,"Immadihalli Main Road, Vinayaka Layout, Whitefield, Bengaluru",9,46,0.19148936170212766,1.0986122886681098,5.493061443340549,0,0,29.499999999999996
Sri Tirumala Vegetable Center,12.9649819,77.7535697,4.0,4,"XQ73+XCW, Unnamed Road, Narayanappa Garden, Whitefield, Bengaluru",9,47,0.1875,1.6094379124341003,6.437751649736401,0,0,30.2
Hello Fresh Mini Mart,12.9682944,77.75671349999999,4.7,33,"Rama Temple, opposite Vega Motors, Immadihalli Main Road, Bengaluru",10,46,0.2127659574468085,3.5263605246161616,16.57389446569596,1,0,29.199999999999996
Best Krishna provision store,12.9727942,77.7431344,5.0,5,"Ss facility homes, Borewell Road, Naruluali, Whitefield, Bengaluru",12,42,0.27906976744186046,1.791759469228055,8.958797346140274,0,0,25.799999999999997
Top In Town Whitefield,12.969169,77.74167779999999,4.0,661,"Borewell Road, Palm Meadows, Nallurhalli, Whitefield, Bengaluru",13,40,0.3170731707317073,6.495265555937008,25.981062223748033,1,1,24.1
ROYAL WHOLESALE MART,12.9676794,77.7579109,4.1,151,"Royal Wholesale Mart, Immadihalli Main Rd, Whitefield Main Road, Immadihalli, Whitefield, Bengaluru",11,44,0.24444444444444444,5.0238805208462765,20.597910135469732,1,0,27.499999999999996
SV super market,12.9757239,77.74283539999999,3.1,19,"5&6th cross, Pattandur Agrahara ECC Road, Prithvi Layout, Bengaluru",8,41,0.19047619047619047,2.995732273553991,9.286770048017372,0,0,26.3
Bhavani provision store,12.9691453,77.7402505,0.0,0,"34/4 nallurahalli, Borewell Road, Whitefield, Bengaluru",10,40,0.24390243902439024,0.0,0.0,0,0,25.0
KPN Fresh - Whitefield,12.96916,77.73959599999999,4.5,410,"Plot No 242/211, Ground Floor Nallurahalli, Krishnarajapura, Hobli, Whitefield, Bengaluru",10,40,0.24390243902439024,6.018593214496234,27.083669465233054,1,0,25.0
Anapurneshwari Stores,12.979635,77.75347719999999,4.8,4,"XQH3+V95, Ambedkar Nagar, Whitefield, Bengaluru",9,40,0.21951219512195122,1.6094379124341003,7.725301979683681,0,0,25.3
Loyal World Market,12.9594449,77.7481528,4.3,3261,"62, Ground Floor, Nexus Whitefield Mall, Whitefield Main Road, Prestige Ozone, Whitefield, Bengaluru",3,44,0.06666666666666667,8.09009578318096,34.787411867678124,1,0,29.9
Hometown Supermarket Whitefield,12.9762639,77.7413416,4.2,71,"ECC Road, Pattandur Agrahara, Whitefield, Bengaluru",9,38,0.23076923076923078,4.276666119016055,17.961997699867432,1,0,23.9
Mercados Supermarket,12.9765645,77.7583421,3.7,119,"Ground Floor, MR ASTER, Vijayanagar, Whitefield, Bengaluru",8,43,0.18181818181818182,4.787491742782046,17.71371944829357,1,0,27.7
Fashion feet,12.9692408,77.738861,0.0,0,"opp. KPN FRESH, 1,43/2/5, Borewell Road, Nallurhalli, Whitefield, Bengaluru",10,39,0.25,0.0,0.0,0,0,24.299999999999997
CHETHAN STORES,12.9670206,77.73781679999999,4.7,26,"1, Bengaluru",9,38,0.23076923076923078,3.295836866004329,15.490433270220347,0,0,23.9
LOYAL MART SUPERMARKET-ಲಾಯಲ್ ಮಾರ್ಟ್ ಸೂಪರ್ಮಾರ್ಕೆಟ್,12.9611236,77.74107339999999,4.2,10,"9 GROUND FLOOR, Palm Meadows Resort Road, Whitefield, Bengaluru",7,39,0.175,2.3978952727983707,10.071160145753158,0,0,25.199999999999996
CITY HYPERMARKET,12.979666,77.7575002,4.1,1065,"Nagar, Pattandur Agrahara Arunodaya Road, Ambedkar Nagar, Whitefield, Bengaluru",7,40,0.17073170731707318,6.97166860472579,28.583841279375736,1,0,25.9
GSK YADAV,12.982669,77.7493267,0.0,0,"Badri Shop, Prasanth Layout, Bengaluru",8,40,0.1951219512195122,0.0,0.0,0,0,25.6
DMart Ready,12.969204,77.73589919999999,4.2,99,"Ground Floor, Swathi Sapphire Commercial Complex, Building No. 61/6 Borewell Road, Nallurahalli Main Road, Whitefield, Bengaluru",8,35,0.2222222222222222,4.605170185988092,19.341714781149985,1,0,22.1
Vishal Mega Mart,12.98371,77.75169559999999,3.9,4619,"Hope Farm Junction, ITPL Main Road,Whitefield, Channasandra, Bengaluru",8,39,0.2,8.438149984075784,32.908784937895554,1,0,24.9
S.B Super Market,12.9843454,77.7491763,3.8,50,"XPMX+PMM, Prasanth Layout, Prasanth Extension, Bengaluru",7,39,0.175,3.9318256327243257,14.940937404352438,0,0,25.199999999999996
"KPN Fresh - Chennasandra, KR Puram",12.982221,77.757711,4.7,304,"216/09, Pattandur Agrahara, Shop No 9, Ground Floor BBMP No 1966, Krishnarajapuram, Channasandra, Bengaluru",9,39,0.225,5.720311776607412,26.885465350054837,1,0,24.599999999999998
Prime Mart,12.9843649,77.74920540000001,5.0,2,"PMR OYO Building, behind Orbis restaurant, Prasanth Layout, Prasanth Extension, Whitefield, Bengaluru",7,39,0.175,1.0986122886681098,5.493061443340549,0,0,25.199999999999996
SUNSHINE SUPERMARKET,12.9843678,77.7491971,5.0,2,"ORBIS TOWER, 2ND FLOOR, PRASHANT EXTENSION, HOPE FARM JUNCTION WHITEFIELD, KADUGODI, BANGALORE,Mahad",7,39,0.175,1.0986122886681098,5.493061443340549,0,0,25.199999999999996
SLV SUPER MART,12.967176,77.7652732,5.0,1,"gayatri gopala nilaya, Immadihalli, Whitefield, Bengaluru",4,41,0.09523809523809523,0.6931471805599453,3.4657359027997265,0,0,27.5
Carrymart hypermarket,12.9722653,77.73414319999999,4.1,623,"18, Nallurahalli Main Road, Palm Meadows, Nallurhalli, Whitefield, Bengaluru",8,35,0.2222222222222222,6.436150368369428,26.388216510314653,1,0,22.1
DNR Super Mart,12.9582097,77.7391598,5.0,2,"Ground Floor, DNR ATMOSPHERE, 231/66, R Narayanapura, Ramagondanahalli, Bengaluru",4,31,0.125,1.0986122886681098,5.493061443340549,0,0,20.5
Top In Town,12.96993,77.7662123,4.1,895,"Immadihalli main road, nagondanahalli, Whitefield, Bengaluru",3,40,0.07317073170731707,6.79794041297493,27.871555693197212,1,0,27.1
M/s. HARISH ENTERPRISES,12.9821055,77.76254580000001,3.8,5,"XQJ7+R2V, A K Gopalan Colony, Channasandra, Bengaluru",6,35,0.16666666666666666,1.791759469228055,6.808685983066608,0,0,22.7
Sri Renuka Yallamma Devi Super market,12.9511624,77.7575652,0.0,0,Sorahunase,1,28,0.034482758620689655,0.0,0.0,0,0,19.299999999999997
Slv Home Needs Super Market,12.9820568,77.733487,4.1,902,"107, Pattandur Agrahara Village Main Road, KIADB Export Promotion Industrial Area, Whitefield, Bengaluru",0,34,0.0,6.805722553416985,27.90346246900964,1,0,23.799999999999997
RCM WONDER WORLD,12.9694532,77.7711491,4.6,19,"Immadihalli, Whitefield, Bengaluru",3,31,0.09375,2.995732273553991,13.780368458348358,0,0,20.8
Green City Supermarket,12.9783238,77.7696464,3.8,210,"107/2, Channasandra, Bengaluru",4,30,0.12903225806451613,5.351858133476067,20.337060907209054,1,0,19.8
Sri Basaveshwara Provision,12.9800502,77.7688677,3.7,24,"Channasandra, Bengaluru",3,30,0.0967741935483871,3.2188758248682006,11.909840552012342,0,0,20.1
The Organic World - Whitefield,12.9566842,77.7320357,4.4,99,"Ground floor, No.66, Miraya Rose, Varthur Main Road, Whitefield, Bengaluru",2,26,0.07407407407407407,4.605170185988092,20.262748818347607,1,0,17.599999999999998
Sanjana Fruits & Vegetables,12.9830175,77.7684227,3.8,10,"opp. Karnatakabank, chennasandra Chennasandra, Kadugodi, Bengaluru",3,30,0.0967741935483871,2.3978952727983707,9.112002036633807,0,0,20.1
Mohammed Garage,12.9476731,77.75569,5.0,2,"Mainroad, Varthur",1,25,0.038461538461538464,1.0986122886681098,5.493061443340549,0,0,17.2
Sri Lakshmi Venkateshwara Provision Store,12.9571269,77.7726077,0.0,0,Ajagondanahalli,2,24,0.08,0.0,0.0,0,0,16.199999999999996
RR Mart,12.9568913,77.7738248,5.0,1,"Ajagondanahalli Ajagondanahalli, Hoskote",2,22,0.08695652173913043,0.6931471805599453,3.4657359027997265,0,0,14.799999999999999
Vegitable Business,12.9503755,77.7690211,5.0,3,"Ramanna Building, Valepura",2,16,0.11764705882352941,1.3862943611198906,6.931471805599453,0,0,10.6
FRESHCO SUPER MARKET,12.9148849,77.5968595,4.1,656,"3rd Phase, J. P. Nagar, Bengaluru",13,61,0.20967741935483872,6.48768401848461,26.599504475786897,1,1,38.8
Reliance Smart Bazaar,12.9171476,77.5924233,4.0,16154,"Ward No - 57, Salapuria Gateway , A Block, J.P. Nagar, 2nd Stage, near Ragigudda, 45, 41st Cross Road, Jayanagara 9th Block, Jayanagar, Bengaluru",5,55,0.08928571428571429,9.689984878258599,38.759939513034396,1,0,37.0
Patanjali Store,12.9189991,77.5860348,4.1,518,"8, Aurobindo Marg, 5T Block, Vishya Bank Colony, 1st Phase, J. P. Nagar, Bengaluru",2,42,0.046511627906976744,6.251903883165888,25.63280592098014,1,0,28.799999999999997
M. K. Ahmed Bazaar,12.9204033,77.59341069999999,4.1,3051,"Shanti Park Building, 1/01 26th Main, 39th Cross Road, Putlanpalya, Jayanagara 9th Block, Jayanagar, Bengaluru",6,59,0.1,8.023552392404348,32.896564808857825,1,0,39.5
MK Home Needs,12.8905455,77.62029679999999,4.1,430,"44, 3rd Cross Road, Royal Shelters, Maruthi Layout, Bommanahalli, Bengaluru",0,27,0.0,6.066108090103747,24.871043169425363,1,0,18.9
DMart Garuda Mall,12.9287609,77.59122099999999,4.2,39084,"Ground Floor, Sri Garuda Swagath Mall, 65 A 78, Tilak Nagar Main Road, Tilak Nagar, Bengaluru",1,49,0.02,10.573494040654431,44.40867497074861,1,0,34.0
Homeneeds Supermarket,12.910587,77.6064325,3.9,4484,"No. 52, Reva Heights, 14th Cross Road, 7th Main Road, BTM Layout 2nd Stage, Bengaluru",20,69,0.2857142857142857,8.408493774492896,32.7931257205223,1,1,42.3
Swaraj Supermarket,12.9142844,77.61273,3.8,1269,"#364, 3rd Cross Road, BTM 2nd Stage, Kuvempu Nagar, Bengaluru",19,92,0.20430107526881722,7.146772179452637,27.15773428192002,1,1,58.69999999999999
Srinivas Shops,12.9108792,77.606466,2.3,3,"66, BTM Layout 2nd Stage, Bengaluru",21,70,0.29577464788732394,1.3862943611198906,3.188477030575748,0,1,42.7
"KPN Fresh - Tavarekere, BTM Layout",12.9188659,77.6103495,4.6,526,"1021, 6th Main Road, Aicobo Nagar, Tavarekere, BTM 1st Stage, Bengaluru",21,99,0.21,6.267200548541362,28.829122523290266,1,1,63.0
AYSHA Home Needs,12.9093461,77.61112299999999,4.0,202,"16th Main Road, 7th Cross Road, Lakshmi Layout, EWS Colony, Stage 2, Bengaluru",12,79,0.15,5.313205979041787,21.25282391616715,1,0,51.699999999999996
Super Market,12.9106541,77.606402,3.8,4,"WJ64+7H6, NS Palya, Banashankari 2nd Stage, BTM Layout, Bengaluru",20,69,0.2857142857142857,1.6094379124341003,6.115864067249581,0,1,42.3
HARSHITHA SUPER MARKET,12.9124314,77.6147848,3.8,56,"BTM 2nd Stage, Kuvempu Nagar, Stage 2, Bengaluru",13,90,0.14285714285714285,4.04305126783455,15.36359481777129,0,1,59.099999999999994
Adishwar Supermarket,12.9087336,77.6107103,5.0,1,"380, 10th Cross Road, Vijaya Bank Layout, Bilekahalli, Bengaluru",12,76,0.15584415584415584,0.6931471805599453,3.4657359027997265,0,0,49.599999999999994
Fresh Signature,12.9163482,77.6046468,3.3,57,"CPR Tower, 100 Feet Ring Road, BTM Layout 2nd Stage, Bengaluru",20,73,0.2702702702702703,4.060443010546419,13.399461934803183,0,1,45.099999999999994
C CLUB TRADERS,12.9210536,77.6108383,3.8,5,"31, 16th Main Road, Tavarekere, Bengaluru",22,102,0.21359223300970873,1.791759469228055,6.808685983066608,0,1,64.8
Sri Ramakrishna Departmental Stores,12.9103887,77.6038093,0.0,0,"413, BTM Layout, Bengaluru",18,66,0.26865671641791045,0.0,0.0,0,1,40.8
SLV RICE CARNAR,12.9089824,77.6045953,5.0,1,"154, BTM Layout, Bengaluru",17,66,0.2537313432835821,0.6931471805599453,3.4657359027997265,0,1,41.099999999999994
Food Palace,12.9174058,77.60316859999999,4.0,1010,"beside Food Palace, 60, 1st B Cross Road, KEB Colony, Mico Layout, BTM 1st Stage, Bengaluru",22,72,0.3013698630136986,6.918695219020472,27.674780876081886,1,1,43.8
Family Super Market,12.9173744,77.6028699,4.2,471,"No.32-, 33, 1st B Cross Road, Jayanagar 3rd Block East, BTM 1st Stage, Bengaluru",21,71,0.2916666666666667,6.156978985585555,25.859311739459333,1,1,43.4
Tendukheda,12.9188722,77.60380549999999,0.0,0,"34, 8th B Main Road, New Gurappana Palya, 1st Stage, BTM 1st Stage, Bengaluru",22,79,0.275,0.0,0.0,0,1,48.699999999999996
Behtar Enabled BTM Stage 2,12.9064463,77.6114228,4.2,19,"131, 20th Cross Road, EWS Colony, Stage 2, BTM Layout, Bengaluru",13,70,0.18309859154929578,2.995732273553991,12.582075548926761,0,1,45.1
Kwik mart,12.9126732,77.6011252,4.9,8,"BLOCK-C, BTM Layout 2nd Stage, BTM Layout, Bengaluru",16,63,0.25,2.1972245773362196,10.766400428947478,0,1,39.3
Spar Hypermarket,12.907769,77.6011043,4.2,5003,"Lower Ground Floor, Vega City Mall, 172/1, Srinivas Industrial Estate, Bannerghatta Road, Dollar Layout, 3rd Phase, J. P. Nagar, Bengaluru",10,63,0.15625,8.517992871586802,35.77557006066457,1,0,41.099999999999994
Tokari Vegetable Fruits and Grains,12.902452,77.60910419999999,4.2,91,"No 19, Anugraha Layout, Ramanashree Enclave, Bilekahalli, Bengaluru",12,58,0.2033898305084746,4.5217885770490405,18.99151202360597,1,0,36.99999999999999
Easy Buy Supermarkets,12.9043053,77.6024425,3.7,10,"14, Purva Heights Road, Bilekahalli, Bengaluru",11,60,0.18032786885245902,2.3978952727983707,8.872212509353972,0,0,38.7
7 Days Market | Fruits Vegetables Supermarket Grocery,12.9034882,77.6022325,3.2,10,"B D 2/173, M Rd, NS Palya, BTM Layout, Bengaluru",11,56,0.19298245614035087,2.3978952727983707,7.673264872954786,0,0,35.9
Greens and Groceries,12.9010526,77.6111009,4.6,5,"Krishna Nilayam, 1st Cross Road, Phase 2, Anugraha Layout, Ramanashree Enclave, Bilekahalli, Bengaluru",7,57,0.1206896551724138,1.791759469228055,8.242093558449053,0,0,37.8
Madeena beef stall,12.9259293,77.6036436,4.3,24,"play ground, opp. lili, 40, Good cross, Bismillahnagar, S.G. Palya, Bengaluru",19,82,0.2289156626506024,3.2188758248682006,13.841166046933262,0,1,51.699999999999996
SPAR Corporate Office (Max Hypermarket),12.9248078,77.6016988,5.0,2,"Floor No: 7, Indiqube “ARCADE, SUBRAMANYA ARCADE, Max Hypermarkets India Pvt Ltd No: 12/2, Tower A, Bannerghatta Road, OLd Gurappanapalya, BTM 1st Stage, Bengaluru",12,82,0.14457831325301204,1.0986122886681098,5.493061443340549,0,0,53.8
Joe Super Market,12.9204213,77.59737179999999,3.8,34,"No. 1385, 39, South, East End A Main Road, Jayanagara 9th Block, Jayanagar, Bengaluru",14,63,0.21875,3.5553480614894135,13.51032263365977,0,1,39.89999999999999
Sri Raghavendra Mini Mart,12.9262912,77.60193939999999,0.0,0,"28, Tavarekere, 4th Cross Road, Balaji Nagar, S.G. Palya, Bengaluru",12,80,0.14814814814814814,0.0,0.0,0,0,52.4
Kunchum Foods Supermarket,12.9156533,77.59518600000001,4.5,67,"1947, 28th Main, 9th Block, 3rd Phase, Jayanagar, Bengaluru",7,59,0.11666666666666667,4.219507705176107,18.98778467329248,1,0,39.199999999999996
HRK STORE,12.9270894,77.60329449999999,4.2,25,"5th Cross Road, Mosque Rd, #6/72, Bannerghatta Road, Bismillahnagar, S.G. Palya, Bengaluru",14,81,0.17073170731707318,3.258096538021482,13.684005459690226,0,1,52.49999999999999
siddeshwara Traders,12.8995297,77.6077964,5.0,2,"21, Someswar Layout, Ramanashree Enclave, Bilekahalli, Bengaluru",6,55,0.10714285714285714,1.0986122886681098,5.493061443340549,0,0,36.7
Annapoorna Rice Traders,12.9058275,77.62271179999999,4.2,17,"Virat Nagar, Bommanahalli, Bengaluru",6,66,0.08955223880597014,2.8903717578961645,12.139561383163892,0,0,44.4
Muzammil Ahmed Chiken Shop,12.8992066,77.6096244,5.0,1,"85, Someshwara Layout, Bengaluru",6,55,0.10714285714285714,0.6931471805599453,3.4657359027997265,0,0,36.7
More Supermarket Gayatrinagar,12.9990472,77.5601939,3.7,298,"XHX6+J38, Tharasu Road, Maruthi Extension, Rajajinagar, Bengaluru",13,43,0.29545454545454547,5.700443573390687,21.091641221545544,1,1,26.2
Go Organico,13.0068979,77.5710404,4.7,19,"249, Ground Floor Between 16th and, 17th Cross Road, Sampige Road, Malleshwaram, Bengaluru",7,65,0.10606060606060606,2.995732273553991,14.079941685703757,0,0,43.4
Reliance Fresh,13.0068057,77.564622,3.5,92,"Ward No. 7, Emami Nest, Shop Unit No. 001 Municipal No. 36/2, 16Th Cross, 8Th Main Bmp, 10th Main Road, Malleshwaram, Bengaluru",12,46,0.2553191489361702,4.532599493153256,15.864098226036397,0,0,28.599999999999994
Save More Supermarket - SESHADRIPURAM,12.9935419,77.5768105,3.9,702,"31, 1st Main Road, Seshadripuram, Bengaluru",12,61,0.1935483870967742,6.555356891810665,25.565891878061592,1,0,39.099999999999994
METRO Cash & Carry - Yeshwantpur,13.0145751,77.5550944,4.2,25895,"Ward No.9, Industrial Suburbs, Survey No. 26/3, A Block, Subramanyanagar,2 State, Rajajinagar, Bengaluru",6,38,0.15384615384615385,10.16184379560608,42.67974394154554,1,0,24.799999999999997
Pneumec,13.0017818,77.5530856,4.7,315,"No. 139/4, 1st Floor, 1st Main, Doctor Rajkumar Road, 1st Block, Rajajinagar, Bengaluru",8,39,0.2,5.755742213586912,27.051988403858488,1,0,24.9
More Supermarket - Jayamahal,12.9997717,77.5993681,3.9,1576,"Jaymahal Store, 11, 1st Main Road, Jayamahal Extension, Jayamahal, Bengaluru",1,55,0.017857142857142856,7.3632795869630385,28.71679038915585,1,0,38.2
Spar Hypermarket,12.991797,77.57043689999999,4.1,8353,"Malleshwaram, Bengaluru",11,58,0.1864406779661017,9.03049574505712,37.02503255473419,1,0,37.3
Light Metals,13.0029084,77.5478212,4.3,73,"7/B,Ground Floor, 11th C Cross Road, West of Chord Road 2nd Stage, Mahalakshmipuram, Bengaluru",3,31,0.09375,4.30406509320417,18.50747990077793,1,0,20.8
Kwality Big Bazaar,13.0284919,77.5715567,4.0,507,"51, 80 Feet Road, Mathikere, Bengaluru",2,46,0.0425531914893617,6.230481447578482,24.921925790313928,1,0,31.599999999999994
M F FRUIT MERCHANT,13.0048795,77.5776762,0.0,0,"14th Criss Road Vylikaval, Sadjashivji Nagar, Kodandarampura, Malleshwaram, Bengaluru",13,71,0.18055555555555555,0.0,0.0,0,1,45.8
Namdhari Fresh Vyalikaval,13.003419,77.5782742,4.2,93,"13, near Canara Bank C, 1, 2nd Main Road, Vyalikaval, Malleshwaram, Bengaluru",14,81,0.17073170731707318,4.543294782270004,19.081838085534017,1,1,52.49999999999999
Vinay Super Saver,13.0021946,77.57217419999999,4.2,46,"near Canara Bank, 81, Preksha Building, 10 & 11 Cross, near Canara Bank, 1st Main Road, Malleshwaram, Bengaluru",15,58,0.2542372881355932,3.8501476017100584,16.170619927182248,0,1,36.099999999999994
Mohan Bhandar Supermart,13.0019951,77.5707529,3.9,188,"No 119/1, Srinidhi Complex, near Sampige Road, 11th cross, Malleshwaram, Bengaluru",16,52,0.3018867924528302,5.241747015059643,20.442813358732607,1,1,31.599999999999998
GIRIRAM FOODS,13.0032194,77.56940949999999,4.9,22,"116/3, Margosa Road, Malleshwaram, Bengaluru",14,51,0.2692307692307692,3.1354942159291497,15.363921658052835,0,1,31.499999999999996
HOPCOMS,13.00647,77.5822264,5.0,1,"Janata Bazar, Kempe Gowda Road, Sadashiva Nagar, Gandhi Nagar, Bengaluru",5,66,0.07462686567164178,0.6931471805599453,3.4657359027997265,0,0,44.699999999999996
Future Mart,12.9997716,77.5771515,0.0,0,"10, 2nd Main Road, Vyalikaval, Bengaluru",15,69,0.21428571428571427,0.0,0.0,0,1,43.8
Behtar Supermarket,12.9988896,77.5765811,3.7,73,"XHXG+HJ4, 2nd Main Road, HN Layout, Guttahalli, Bengaluru",14,65,0.21212121212121213,4.30406509320417,15.925040844855431,0,1,41.3
Future mart,12.9979618,77.5784066,5.0,1,"No 27, pg halli, Bengaluru",13,62,0.20634920634920634,0.6931471805599453,3.4657359027997265,0,1,39.5
DMart Malleshwaram,12.997324,77.57414399999999,3.9,68,"165, CHIDANANDA SQUARE, COCONUT AVENUE, 5th Cross Road, Malleshwaram, Bengaluru",17,63,0.265625,4.23410650459726,16.513015367929313,1,1,38.99999999999999
GoHappy Hypermarket,13.004952,77.56540989999999,4.3,175,"Between 13th and 15th cross, 8th Main Road, Malleshwaram, Bengaluru",14,46,0.2978723404255319,5.170483995038151,22.23308117866405,1,1,27.999999999999996
Reliance SMART Bazaar,12.9971006,77.5737467,3.9,866,"No 166, Housuja'S Mall Coconut Avenue Rd, 5th Cross Road, Malleshwaram, Bengaluru",18,63,0.28125,6.7650389767805414,26.383652009444113,1,1,38.699999999999996
More Supermarket,12.9995522,77.58175849999999,3.9,896,"3363,3364, G/F, 4th Main Road, 2nd Stage, Gayatrinagar, Rajajinagar, Bengaluru",12,73,0.16216216216216217,6.799055862058796,26.516317862029304,1,0,47.49999999999999
S L N Stores,12.9964521,77.5755856,4.7,30,"No 20, near Bike N Toys, D T Street, Pipeline Road, Malleshwaram, Bengaluru",16,62,0.25396825396825395,3.4339872044851463,16.139739861080187,0,1,38.6
Magneto Medical Centre,12.9982051,77.5671385,3.0,2,"36, 6th Main, 7th Cross, Malleshwaram, Bengaluru",19,44,0.4222222222222222,1.0986122886681098,3.295836866004329,0,1,25.099999999999998
Paradise General Store,12.9978657,77.58412969999999,4.3,3,"Nandhini Deluxe, Kumarapark West, Seshadripuram, Bengaluru",8,68,0.11594202898550725,1.3862943611198906,5.9610657528155295,0,0,45.199999999999996
SK Provision Store,13.0007524,77.5632311,4.7,7,"1, 1st Main Gandhi Grama, Srirampura, Bengaluru",14,44,0.3111111111111111,2.0794415416798357,9.77337524589523,0,1,26.599999999999998
Heshikart,12.992595,77.5761873,5.0,29,"No 166/2 J Lingaiah Road, 1st Main Road, Kumara Park West, Seshadripuram, Bengaluru",12,62,0.19047619047619047,3.4011973816621555,17.005986908310778,1,0,39.8
Yogesh Fruit Shop,12.9961375,77.5646091,5.0,2,"1, 4th Main Road, Srirampura, Bengaluru",15,44,0.3333333333333333,1.0986122886681098,5.493061443340549,0,1,26.299999999999997
Sri Manjunatha Banana & fresh fruit,13.0005471,77.5605295,4.8,12,"3572/32, 1st Cross Road, Gayatrinagar, Gayathri Nagara, Bengaluru",12,44,0.26666666666666666,2.5649493574615367,12.311756915815376,0,0,27.199999999999996
Harish Upper,12.9999124,77.5603114,5.0,1,"No 11, Main Road, Gayatri Nagar, Bengaluru",13,43,0.29545454545454547,0.6931471805599453,3.4657359027997265,0,1,26.2
S N Fruits And Vegetables Stall,12.995201,77.56377839999999,0.0,0,"No1358 3rd Main Road, 3rd Cross Road, Nagappa Block, Lakshminarayanapuram, Srirampura, Bengaluru",11,42,0.2558139534883721,0.0,0.0,0,0,26.099999999999998
S K Fresh Mart,12.9920548,77.56780669999999,0.0,0,"No 20/4, Kranti Kavi Saravanan Road, Subhashnagar, Srirampura, Bengaluru",11,47,0.22916666666666666,0.0,0.0,0,0,29.599999999999998
GANESH TRADERS,13.0101818,77.5582759,4.0,2,"243, 4th Main Road, Milk Colony, Subramanyanagar,2 State, Malleshwaram, Bengaluru",8,44,0.17777777777777778,1.0986122886681098,4.394449154672439,0,0,28.4
Kareem Store,12.9913018,77.5677463,4.9,8,"Shop No:#1054, 5th Main Road, Srirampura, Bengaluru",9,47,0.1875,2.1972245773362196,10.766400428947478,0,0,30.2
KPN Fresh - Rajajinagar 2nd Stage,13.00534,77.55761199999999,4.6,144,"A Block, Plot No 2388/A & 2361/31, Ground Floor, near East West Public School, 12th Main Road, 2nd Stage, Rajajinagar, Bengaluru",14,44,0.3111111111111111,4.976733742420574,22.89297521513464,1,1,26.599999999999998
NSV Banana Mandi,12.9987392,77.559393,4.6,48,"7th Cross Road, Gayatrinagar, Rajajinagar, Bengaluru",12,43,0.2727272727272727,3.8918202981106265,17.90237337130888,1,0,26.5
Peekay Mart,13.005235,77.593902,4.1,996,"52, JC Nagar 2nd Main Road, Sharada Colony, Munireddypalya, Jayamahal, Bengaluru",3,66,0.04477611940298507,6.904750769961838,28.309478156843536,1,0,45.3
Sri Suresh Provision Stores,13.0012914,77.5567246,3.9,39,"2H24+GM9, 10th Main Road, Gayatrinagar, Rajajinagar, Bengaluru",9,43,0.20454545454545456,3.6888794541139363,14.38662987104435,0,0,27.4
Sunday Bazaar,13.0250866,77.57187379999999,2.8,4,"2HGC+2PQ, Ashwath Nagar, Devasandra Layout, Bengaluru",2,51,0.038461538461538464,1.6094379124341003,4.506426154815481,0,0,35.099999999999994
Ayath Fruits Mr. Irfan Pasha,13.0157144,77.5918111,3.3,3,"33, 3rd Main Road, Rahmath Nagar, RT Nagar, Bengaluru",10,64,0.15384615384615385,1.3862943611198906,4.574771391695639,0,0,41.8
ishtamart,13.0122714,77.5560644,4.9,27,"22nd floor, World Trade Center, BRIGADE GATEWAY, Campus, Malleshwaram, Bengaluru",6,41,0.14285714285714285,3.332204510175204,16.3278020998585,1,0,26.9
Parrot - Rathore Marketing,12.9913625,77.56255,4.6,45,"30, 13th Cross Road, Lakshminarayanapuram, Bengaluru",9,43,0.20454545454545456,3.828641396489095,17.611750423849838,1,0,27.4
CHALUKYA SUPERMARKET,12.9871286,77.5784765,4.1,105,"near shivananda circle, 12/6, Hare Krishna Road, Madhava Nagar, Gandhi Nagar, Bengaluru",2,74,0.02666666666666667,4.663439094112067,19.120100285859472,1,0,51.199999999999996
Gofresh,13.0109747,77.5550185,3.7,41,"Orion Mall, BRIGADE GATEWAY, 26/1, Doctor Rajkumar Road, West, Malleshwaram, Bengaluru",6,40,0.14634146341463414,3.7376696182833684,13.829377587648464,0,0,26.2
New Corner Store,13.0105435,77.5951072,4.1,55,"186, JC Nagar Main Road, Devara Jeevanahalli, Bengaluru",5,65,0.07575757575757576,4.02535169073515,16.50394193201411,1,0,44.0
Aslam Pasha,13.0087389,77.5542103,0.0,0,"52, Rajajinagar, Bengaluru",9,41,0.21428571428571427,0.0,0.0,0,0,26.0
The Organic World - Sanjaynagar,13.0268181,77.5793046,4.9,12,"No 131/A, 80 Feet Road, RMV 2nd Stage, Ashwath Nagar, Bengaluru",6,56,0.10526315789473684,2.5649493574615367,12.56825185156153,0,0,37.4
SVR MART,13.0109854,77.5968888,5.0,1,"29/1 PG ROAD JC NAGAR BANGALORE 560006, Bengaluru",5,62,0.07936507936507936,0.6931471805599453,3.4657359027997265,0,0,41.9
Vardhaman Traders - The Kirana Shop,13.0219295,77.55885239999999,4.1,17,"459/6, Triveni Main Road, Kamla Nehru. Extension, Yeswanthpur, Bengaluru",1,30,0.03225806451612903,2.8903717578961645,11.850524207374274,0,0,20.7
Flavors,12.9920441,77.5917624,3.8,10,"40, 8th Main Road, 7th Cross, Vasanth Nagar, Bengaluru",2,68,0.028985507246376812,2.3978952727983707,9.112002036633807,0,0,46.99999999999999
Reliance SMART Bazaar,13.0124606,77.5531093,3.8,611,"Ward No 14, adjacent Shell Petrol Bunk, No 5 & 6, Chord Road, Industrial Suburb, Rajajinagar, Bengaluru",6,37,0.15789473684210525,6.416732282512326,24.383582673546837,1,0,24.099999999999998
Patanjali Shop,12.9775087,77.6383823,4.2,365,"555, 9th A Main Road, Stage 2, Hoysala Nagar, Indiranagar, Bengaluru",17,60,0.2786885245901639,5.902633333401366,24.79106000028574,1,1,36.9
MK Retail Supermarket,12.9786832,77.6445956,4.2,6728,"734, Chinmaya Mission Hospital Road, Indiranagar, Bengaluru",13,60,0.21311475409836064,8.814181823188319,37.01956365739094,1,1,38.1
Karanataka Store,12.9716729,77.6318819,0.0,0,"XJCJ+MQ6, Jogupalya Road, Someshvarapura Layout, Jogupalya, Bengaluru",18,77,0.23076923076923078,0.0,0.0,0,1,48.5
Fresh Buy,12.972154,77.655367,5.0,1,"No: 1098/1, Shri Shamanna Complex, 1st A Cross, 2nd Main, Behind Durga Temple, Sishu Griha School Road, Bhoomi Reddy Colony, New Tippasandra, Bengaluru",13,54,0.23636363636363636,0.6931471805599453,3.4657359027997265,0,1,33.9
More Supermarket - Tippasandra (New) Bangalore,12.9715799,77.6556359,3.9,2473,"opp. to Durga Temple, New Thippasandra Main Road, Beml Gate, HAL 3rd Stage, New Tippasandra, Bengaluru",14,54,0.2545454545454545,7.813591552952433,30.473007056514486,1,1,33.599999999999994
More Supermarket - DOMLUR,12.9595778,77.6383627,4.0,2985,"296, DSR Ridge, 7th Cross Road, Domlur I Stage, 1st Stage, Domlur, Bengaluru",12,77,0.15384615384615385,8.001689978099135,32.00675991239654,1,0,50.3
More Supermarket - SM Bengaluru Airport Road,12.9587681,77.6543441,3.6,99,"Surya Chambers, 6, Wind Tunnel Road, Murugeshpalya, Kaveri Nagar, Bengaluru",2,48,0.04081632653061224,4.605170185988092,16.57861266955713,1,0,32.99999999999999
Spar Hypermarket,12.99282,77.6613679,3.9,1531,"3rd Floor, Gopalan Signature Mall, Old Madras Road, Nagavarapalya, C V Raman Nagar, Bengaluru",0,20,0.0,7.3343293503005365,28.60388446617209,1,0,14.0
Mano Supermarket,12.9592968,77.64469319999999,4.4,17,"XJ5V+PV8, HAL Old Airport Road, Kodihalli, Bengaluru",12,67,0.17647058823529413,2.8903717578961645,12.717635734743125,0,0,43.3
Organic Mandya,12.9775704,77.64214520000002,4.7,997,"676, 9th A Main Road, Defence Colony, Indiranagar, Bengaluru",15,60,0.2459016393442623,6.905753276311464,32.457040398663885,1,1,37.5
BRYT BAZAAR,12.9820326,77.63946729999999,3.8,4,"21, 7TH CROSS, 2ND A MAIN, BINAMANGALA , HOYSALA NAGAR, 1ST STAGE, Indiranagar, Bengaluru",8,58,0.13559322033898305,1.6094379124341003,6.115864067249581,0,0,38.199999999999996
Nature's Basket,12.9783126,77.6451532,3.9,99,"Ward No. 80, Ward Name, Ground Floor, 723, C.M.H. Main Road 1st Binnamangala Stage, Hoysala Nagar, Indiranagar, Bengaluru",14,60,0.22950819672131148,4.605170185988092,17.960163725353556,1,1,37.8
KPN Fresh - Indiranagar,12.9778965,77.6361403,4.6,498,"242, 13th Cross Road, Stage 2, Hoysala Nagar, Indiranagar, Bengaluru",18,61,0.2903225806451613,6.212606095751519,28.577988040456983,1,1,37.3
Prabhav-GBP,12.9820678,77.64636569999999,0.0,0,"Somewhere, Bengaluru",4,59,0.06666666666666667,0.0,0.0,0,0,40.099999999999994
SRK SUPER MARKET,12.9719692,77.6421628,4.3,252,"441, 9th Main Road, HAL 2nd Stage, Indiranagar, Bengaluru",20,60,0.32786885245901637,5.53338948872752,23.793574801528337,1,1,36.0
Shivam Agency,12.9813935,77.6337235,4.3,92,"opposite 6th Mile Customs, 4&5/1, 17th F Cross Road, Binnamangala, Hoysala Nagar, Indiranagar, Bengaluru",11,61,0.1774193548387097,4.532599493153256,19.490177820559,1,0,39.4
Green Mart,12.9728701,77.63503279999999,4.0,6,"3256, 13th Cross Road, HAL 2nd Stage, Indiranagar, Bengaluru",20,72,0.273972602739726,1.9459101490553132,7.783640596221253,0,1,44.4
go green asia outlet,12.9705723,77.6392242,4.7,3,"944, 11th Main Road, HAL 2nd Stage, Appareddipalya, Indiranagar, Bengaluru",19,65,0.2878787878787879,1.3862943611198906,6.515583497263486,0,1,39.8
SRI BALAJI VENTURES,12.973045,77.6346616,4.2,5,"41, 15th Cross Road, Eshwara Layout, Indiranagar, Bengaluru",20,73,0.2702702702702703,1.791759469228055,7.525389770757831,0,1,45.099999999999994
VK Mini mart,12.9728213,77.6347992,4.8,4,"6th Main Thimma, Hanumaiah Reddy Road, 2nd Stage, Indiranagar, Bengaluru",20,73,0.2702702702702703,1.6094379124341003,7.725301979683681,0,1,45.099999999999994
Safa Super Bazar,12.9727883,77.6348085,4.4,15,"90, 6th Main, Thimma Reddy Road, Near-New Shanti Sagar Hotel, Indiranagar, Bengaluru",20,73,0.2702702702702703,2.772588722239781,12.199390377855037,0,1,45.099999999999994
Ratnadeep Supermarket,12.9700043,77.639882,4.2,1385,"XJCQ+2X2, 12th Main Road, HAL 2nd Stage, Doopanahalli, Indiranagar, Bengaluru",19,65,0.2878787878787879,7.234177179749849,30.383544154949366,1,1,39.8
H K G N VEGETABLE STORES,12.9774506,77.6317224,3.9,20,"11/1 Lakshmipuram, 1st Main Road, Halasuru, Bengaluru",17,71,0.2361111111111111,3.044522437723423,11.87363750712135,0,1,44.599999999999994
The Organic World - Indiranagar,12.9704614,77.64509129999999,4.4,339,"12th Main, 7th Cross Road, HAL 2nd Stage, Indiranagar, Bengaluru",20,59,0.3333333333333333,5.8289456176102075,25.647360717484915,1,1,35.3
Vishal Mega Mart,12.9723628,77.6487877,3.9,924,"806/1, New Thippasandra Main Road, HAL 3rd Stage, Stage 3, New Tippasandra, Bengaluru",21,59,0.35,6.829793737512425,26.636195576298455,1,1,35.0
M H Grand Mart,12.9761112,77.6305381,4.4,30,"Grand Mart, M H, Halasuru, Bengaluru",16,75,0.21052631578947367,3.4339872044851463,15.109543699734644,0,1,47.7
GNANI MART,12.972531,77.649874,4.3,9,"SHOP NO 1, Narayana Reddy Complex, NO 30, New Thippasandra Main Road, New Tippasandra, Bengaluru",19,59,0.31666666666666665,2.302585092994046,9.901115899874396,0,1,35.599999999999994
MAHATMANE,12.978569,77.6298114,4.8,18,"opp. Metro Pillar No 104, 21st Cross Road, Halasuru, laksmipuram, Bengaluru",16,71,0.2222222222222222,2.9444389791664403,14.133307099998913,0,1,44.9
Nanjundeswara Super Market,12.9677533,77.6391785,4.0,11,"XJ9Q+4M3, 13th B Main Road, Channakesahava Nagar, HAL 2nd Stage, Doopanahalli, Indiranagar, Bengaluru",19,68,0.2753623188405797,2.4849066497880004,9.939626599152001,0,1,41.89999999999999
M S RICE TRADERS,12.9680126,77.6445576,4.6,40,"XJ9V+6R3, 2nd Cross Road, HAL 2nd Stage, Indiranagar, Bengaluru",15,63,0.234375,3.713572066704308,17.082431506839814,1,1,39.599999999999994
Reliance Fresh,12.9732546,77.65112359999999,3.7,1614,"XMF2+8C5, 6th Main Road, Puttappa Colony, New Tippasandra, Bengaluru",19,57,0.3275862068965517,7.387090235656757,27.33223387193,1,1,34.199999999999996
Xx,12.9677343,77.64546469999999,3.8,16,"XJ9W+35W, 14th Main Road, Indiranagar, Bengaluru",17,62,0.2698412698412698,2.833213344056216,10.76621070741362,0,1,38.3
Naturix,12.9720601,77.6511459,4.0,1,"1830, 2nd Main Road, HAL 3rd Stage, Indiranagar, Bengaluru",18,57,0.3103448275862069,0.6931471805599453,2.772588722239781,0,1,34.5
Vinayaka Stores,12.9734065,77.651997,4.3,4,"XMF2+9Q9, 3rd Main Road, HAL 3rd Stage, New Tippasandra, Bengaluru",17,57,0.29310344827586204,1.6094379124341003,6.920583023466631,0,1,34.8
Mohan Store,12.9745384,77.65246499999999,3.7,11,"5th Cross Road, opposite, Church Street, HAL 3rd Stage, New Tippasandra, Bengaluru",16,56,0.2807017543859649,2.4849066497880004,9.194154604215601,0,1,34.4
Bhoomi Rice Traders,12.9716415,77.65145319999999,4.3,53,"1855, 4th Main Road, Hal, HAL 3rd Stage, Stage 3, New Tippasandra, Bengaluru",16,57,0.27586206896551724,3.9889840465642745,17.15263140022638,1,1,35.1
Patanjali shree Ramdev Store,12.9698057,77.63089459999999,3.9,245,"sumeshwaraura Authority of India, 33/2, 6th Cross Road, Cambridge Layout, Bengaluru",17,81,0.2073170731707317,5.5053315359323625,21.470792990136214,1,1,51.599999999999994
Supermarket,12.9697514,77.6303621,0.0,0,"7th Cross Road, Domlur, Bengaluru",16,82,0.1927710843373494,0.0,0.0,0,1,52.6
CITY SUPER MART,12.9755389,77.6272455,4.0,6,"1st Main Rd, Temple Tree Apartment Road, Eshwara Layout, Indiranagar, Bengaluru",17,75,0.2236842105263158,1.9459101490553132,7.783640596221253,0,1,47.4
Food Corner Departmental store,12.9651936,77.64417999999999,3.8,25,"No:2318, KM plaza, 2317, 16th B Main Road, HAL 2nd Stage, Kodihalli, Bengaluru",17,66,0.2537313432835821,3.258096538021482,12.38076684448163,0,1,41.099999999999994
Veera's mart,12.9758088,77.6549567,4.7,16,"904 ,1st main, 1st Cross Road, 1st Block, HAL 3rd Stage, New Tippasandra, Bengaluru",13,53,0.24074074074074073,2.833213344056216,13.316102717064217,0,1,33.199999999999996
Sagar Super Bazar,12.9644366,77.6356739,4.2,354,"3, Professor U R Rao Road, 3rd Phase, BDA Colony, Domlur Village, Domlur, Bengaluru",17,75,0.2236842105263158,5.872117789475416,24.66289471579675,1,1,47.4
TOP In Town Super Market,12.9679683,77.6517113,4.0,255,"near NAL Quarters Scientist Apartment, 1301, 10th Main Road, Jeevan Bima Nagar, Bengaluru",19,57,0.3275862068965517,5.545177444479562,22.18070977791825,1,1,34.199999999999996
New ragam stores,12.9702465,77.6539789,0.0,0,"oppo, 6th Main Road, LIC Colony, New Tippasandra, Bengaluru",16,55,0.2857142857142857,0.0,0.0,0,1,33.7
Fresh 'N' More Supermarket,12.9703248,77.6543562,4.1,470,"Near Balamurgan Temple HAL 3rd Stage, 15, 6th Main Road, Puttappa layout, Jeevan Bima Nagar, Bengaluru",14,55,0.25,6.154858094016418,25.23491818546731,1,1,34.3
Nilgiris Supermarket,12.9725132,77.6260269,4.3,19,"9/1, Cambridge Cross Road, Halasuru, Bengaluru",15,78,0.189873417721519,2.995732273553991,12.88164877628216,0,1,50.099999999999994
SLV STORE (Babu),12.9627162,77.6365146,4.3,7,"XJ7P+3JJ, BDA Colony, Domlur, Bengaluru",12,74,0.16,2.0794415416798357,8.941598629223293,0,0,48.199999999999996
Vedika Rice Traders,12.9695586,77.6550177,4.3,7,"2 10 Th Sector, 7th Main Road, LIC Colony, HAL 3rd Stage, Jeevan Bima Nagar, Bengaluru",14,54,0.2545454545454545,2.0794415416798357,8.941598629223293,0,1,33.599999999999994
Family Mall,12.9586996,77.6382479,4.0,940,"Near-Srinidhi Sagar Deluxe, 304, 7th Cross Road, Domlur, Bengaluru",10,79,0.125,6.846943139585379,27.387772558341517,1,0,52.3
LITTLE MART,12.961648,77.6372856,4.6,16,India,11,73,0.14864864864864866,2.833213344056216,13.032781382658593,0,0,47.8
WASIM FRUIT SHOP,12.9753074,77.6233742,5.0,1,"near ULSOOR MARKET, BAZAR STREET, near ULSOOR MARKET, Ulsoor Road, Bengaluru",9,71,0.125,0.6931471805599453,3.4657359027997265,0,0,46.99999999999999
CEEKAY SUPERMARKET ll,12.9621097,77.6469034,4.0,28,"No.128, 5th Phase, HAL 2nd Stage, Kodihalli, Bengaluru",9,65,0.13636363636363635,3.367295829986474,13.469183319945897,0,0,42.8
Ramdas Stores,12.9753387,77.6229965,3.8,20,"138, Bazaar Street, Halasuru, Someshwarpura",8,71,0.1111111111111111,3.044522437723423,11.569185263349008,0,0,47.3
SADAF STORE,12.9686672,77.6253311,4.5,17,"Gowthamapuram, Jogupalya, Bengaluru",8,82,0.0963855421686747,2.8903717578961645,13.00667291053274,0,0,55.0
Ceekay Supermarket,12.9603606,77.63634909999999,4.2,872,"38, 1st Main Road, Domlur, Bengaluru",10,77,0.1282051282051282,6.771935555839602,28.442129334526328,1,0,50.9
Freshpik,12.9735618,77.6205177,3.9,115,"Trinity Circle, 4th Floor, 1 MG Mall, Sivanchetti Gardens, Bengaluru",5,85,0.05813953488372093,4.7535901911063645,18.53900174531482,1,0,57.99999999999999
Sagar Super Bazaar,12.9579244,77.6448309,4.2,42,"XJ5V+5W8, Kodihalli, Bengaluru",9,65,0.13636363636363635,3.7612001156935624,15.797040485912962,0,0,42.8
New top in town supermarket,12.956462,77.6380816,3.0,6,"Victoria II Apartment, Patel Ram Reddy Road, Bengaluru",9,86,0.10344827586206896,1.9459101490553132,5.8377304471659395,0,0,57.49999999999999
FRESH VEGETABLE,12.9627024,77.6569138,0.0,0,"near Durga, Maheshwaramma Temple Road, Murugeshpalya, Murugesh Palya, Bengaluru",6,49,0.12,0.0,0.0,0,0,32.5
